clinic_name|clinic_link|id_doctor|doctor_specialization|doctor_experience
Стоматология «Аврора»|https://prodoctorov.ru/tomsk/lpu/83267-avrora/|0|Стоматолог-ортопед|28
Стоматология «Аврора»|https://prodoctorov.ru/tomsk/lpu/83267-avrora/|1|Стоматолог|10
Стоматология «Аврора»|https://prodoctorov.ru/tomsk/lpu/83267-avrora/|2|Детский стоматолог, стоматолог|13
Стоматология «Аврора»|https://prodoctorov.ru/tomsk/lpu/83267-avrora/|3|Стоматолог|38
Стоматология «Аврора»|https://prodoctorov.ru/tomsk/lpu/83267-avrora/|4|Стоматолог-ортопед|12
Стоматология «Аврора»|https://prodoctorov.ru/tomsk/lpu/83267-avrora/|5|Стоматолог, стоматолог-ортопед|12
Стоматология «Аврора»|https://prodoctorov.ru/tomsk/lpu/83267-avrora/|6|Стоматолог-ортопед|11
Стоматология «Аврора»|https://prodoctorov.ru/tomsk/lpu/83267-avrora/|7|Стоматолог-ортопед, стоматолог|7
Стоматология «Аврора»|https://prodoctorov.ru/tomsk/lpu/83267-avrora/|8|Стоматолог|11
Стоматология «Аврора»|https://prodoctorov.ru/tomsk/lpu/83267-avrora/|9|Стоматолог-хирург, стоматолог-имплантолог|7
Стоматология «Аврора»|https://prodoctorov.ru/tomsk/lpu/83267-avrora/|10|Стоматолог-гигиенист|8
Стоматология «Аврора»|https://prodoctorov.ru/tomsk/lpu/83267-avrora/|11|Стоматолог-имплантолог, стоматолог-хирург|5
Стоматология «Аврора»|https://prodoctorov.ru/tomsk/lpu/83267-avrora/|12|Стоматолог-гигиенист|5
Стоматология «Аврора»|https://prodoctorov.ru/tomsk/lpu/83267-avrora/|13|Стоматолог|4
Стоматология «Аврора»|https://prodoctorov.ru/tomsk/lpu/83267-avrora/|14|Анестезиолог-реаниматолог|27
Стоматология «Меджик Клиник»|https://prodoctorov.ru/tomsk/lpu/83954-medzhik-klinik/|0|Стоматолог-хирург|11
Стоматология «Меджик Клиник»|https://prodoctorov.ru/tomsk/lpu/83954-medzhik-klinik/|1|Стоматолог-ортодонт|11
Стоматология «Меджик Клиник»|https://prodoctorov.ru/tomsk/lpu/83954-medzhik-klinik/|2|Стоматолог-хирург|6
Стоматология «Меджик Клиник»|https://prodoctorov.ru/tomsk/lpu/83954-medzhik-klinik/|3|Стоматолог-ортопед|2
Стоматология «Меджик Клиник»|https://prodoctorov.ru/tomsk/lpu/83954-medzhik-klinik/|4|Стоматолог|-
Стоматология «Меджик Клиник»|https://prodoctorov.ru/tomsk/lpu/83954-medzhik-klinik/|5|Стоматолог-гигиенист|4
Стоматология «Смайл клиник» на Ленина|https://prodoctorov.ru/tomsk/lpu/65546-smayl-klinik/|0|Стоматолог-гигиенист|19
Стоматология «Смайл клиник» на Ленина|https://prodoctorov.ru/tomsk/lpu/65546-smayl-klinik/|1|Стоматолог-хирург, стоматолог-имплантолог, челюстно-лицевой хирург|9
Стоматология «Смайл клиник» на Ленина|https://prodoctorov.ru/tomsk/lpu/65546-smayl-klinik/|2|Стоматолог, детский стоматолог|9
Стоматология «Смайл клиник» на Ленина|https://prodoctorov.ru/tomsk/lpu/65546-smayl-klinik/|3|Стоматолог-хирург|6
Стоматология «Смайл клиник» на Ленина|https://prodoctorov.ru/tomsk/lpu/65546-smayl-klinik/|4|Стоматолог|12
Стоматология «Смайл клиник» на Ленина|https://prodoctorov.ru/tomsk/lpu/65546-smayl-klinik/|5|Стоматолог|-
Стоматология «Смайл клиник» на Ленина|https://prodoctorov.ru/tomsk/lpu/65546-smayl-klinik/|6|Стоматолог, стоматолог-ортопед|6
Стоматология «Смайл клиник» на Ленина|https://prodoctorov.ru/tomsk/lpu/65546-smayl-klinik/|7|Стоматолог-гигиенист|5
Стоматология «Смайл клиник» на Ленина|https://prodoctorov.ru/tomsk/lpu/65546-smayl-klinik/|8|Рентгенолог|8
Стоматология «Смайл клиник» на Ленина|https://prodoctorov.ru/tomsk/lpu/65546-smayl-klinik/|9|Стоматолог-ортопед|3
Стоматология «Смайл клиник» на Ленина|https://prodoctorov.ru/tomsk/lpu/65546-smayl-klinik/|10|Стоматолог|16
Стоматология «Смайл клиник» на Ленина|https://prodoctorov.ru/tomsk/lpu/65546-smayl-klinik/|11|Стоматолог|12
Стоматология «Смайл клиник» на Ленина|https://prodoctorov.ru/tomsk/lpu/65546-smayl-klinik/|12|Стоматолог|17
Стоматология «Смайл клиник» на Ленина|https://prodoctorov.ru/tomsk/lpu/65546-smayl-klinik/|13|Стоматолог, стоматолог-ортодонт|6
«Томская стоматология»|https://prodoctorov.ru/tomsk/lpu/36850-tomskaya-stomatologiya/|0|Стоматолог-ортопед, стоматолог, стоматолог-имплантолог|18
«Томская стоматология»|https://prodoctorov.ru/tomsk/lpu/36850-tomskaya-stomatologiya/|1|Стоматолог|4
«Томская стоматология»|https://prodoctorov.ru/tomsk/lpu/36850-tomskaya-stomatologiya/|2|Стоматолог|15
«Томская стоматология»|https://prodoctorov.ru/tomsk/lpu/36850-tomskaya-stomatologiya/|3|Стоматолог|1
«Томская стоматология»|https://prodoctorov.ru/tomsk/lpu/36850-tomskaya-stomatologiya/|4|Стоматолог-гигиенист|5
Стоматология «Dent Help» (ранее «Help»)|https://prodoctorov.ru/tomsk/lpu/31630-help/|0|Стоматолог-имплантолог, стоматолог, стоматолог-ортопед, стоматолог-хирург|15
Стоматология «Dent Help» (ранее «Help»)|https://prodoctorov.ru/tomsk/lpu/31630-help/|1|Стоматолог-ортодонт|5
Стоматология «Dent Help» (ранее «Help»)|https://prodoctorov.ru/tomsk/lpu/31630-help/|2|Стоматолог-ортопед|15
Стоматология «Dent Help» (ранее «Help»)|https://prodoctorov.ru/tomsk/lpu/31630-help/|3|Стоматолог|18
Стоматология «Dent Help» (ранее «Help»)|https://prodoctorov.ru/tomsk/lpu/31630-help/|4|Стоматолог|9
Стоматология «Dent Help» (ранее «Help»)|https://prodoctorov.ru/tomsk/lpu/31630-help/|5|Стоматолог|27
Стоматология «Dent Help» (ранее «Help»)|https://prodoctorov.ru/tomsk/lpu/31630-help/|6|Челюстно-лицевой хирург|12
Стоматология «Стомпрофи плюс» на Лесном|https://prodoctorov.ru/tomsk/lpu/65658-stomatologiya-stomprofi-plyus-na-lesnom/|0|Стоматолог|35
Стоматология «Стомпрофи плюс» на Лесном|https://prodoctorov.ru/tomsk/lpu/65658-stomatologiya-stomprofi-plyus-na-lesnom/|1|Стоматолог|31
Стоматология «Стомпрофи плюс» на Лесном|https://prodoctorov.ru/tomsk/lpu/65658-stomatologiya-stomprofi-plyus-na-lesnom/|2|Стоматолог, стоматолог-ортопед, стоматолог-хирург|29
Стоматология «Стомпрофи плюс» на Лесном|https://prodoctorov.ru/tomsk/lpu/65658-stomatologiya-stomprofi-plyus-na-lesnom/|3|Стоматолог-ортопед|47
Стоматология «Стомпрофи плюс» на Лесном|https://prodoctorov.ru/tomsk/lpu/65658-stomatologiya-stomprofi-plyus-na-lesnom/|4|Стоматолог|47
Стоматология «Нежность»|https://prodoctorov.ru/tomsk/lpu/13133-nezhnost-stomatologicheskiy-kabinet/|0|Стоматолог, детский стоматолог|35
Стоматология «Нежность»|https://prodoctorov.ru/tomsk/lpu/13133-nezhnost-stomatologicheskiy-kabinet/|1|Стоматолог-ортопед|7
Стоматология «Нежность»|https://prodoctorov.ru/tomsk/lpu/13133-nezhnost-stomatologicheskiy-kabinet/|2|Стоматолог-хирург, стоматолог-имплантолог|7
Стоматология «Нежность»|https://prodoctorov.ru/tomsk/lpu/13133-nezhnost-stomatologicheskiy-kabinet/|3|Стоматолог|9
Стоматология «Нежность»|https://prodoctorov.ru/tomsk/lpu/13133-nezhnost-stomatologicheskiy-kabinet/|4|Стоматолог-гигиенист|10
Стоматология «Нежность»|https://prodoctorov.ru/tomsk/lpu/13133-nezhnost-stomatologicheskiy-kabinet/|5|Стоматолог-ортодонт|5
Стоматология «Нежность»|https://prodoctorov.ru/tomsk/lpu/13133-nezhnost-stomatologicheskiy-kabinet/|6|Стоматолог|7
Стоматология «Нежность»|https://prodoctorov.ru/tomsk/lpu/13133-nezhnost-stomatologicheskiy-kabinet/|7|Стоматолог|5
Стоматология «Нежность»|https://prodoctorov.ru/tomsk/lpu/13133-nezhnost-stomatologicheskiy-kabinet/|8|Стоматолог, детский стоматолог|10
Стоматология «Нежность»|https://prodoctorov.ru/tomsk/lpu/13133-nezhnost-stomatologicheskiy-kabinet/|9|Стоматолог-гигиенист|10
Стоматология «Нежность»|https://prodoctorov.ru/tomsk/lpu/13133-nezhnost-stomatologicheskiy-kabinet/|10|Стоматолог|5
Стоматология «Нежность»|https://prodoctorov.ru/tomsk/lpu/13133-nezhnost-stomatologicheskiy-kabinet/|11|Стоматолог|1
Стоматология «Нежность»|https://prodoctorov.ru/tomsk/lpu/13133-nezhnost-stomatologicheskiy-kabinet/|12|Детский стоматолог|2
Стоматология «Нежность»|https://prodoctorov.ru/tomsk/lpu/13133-nezhnost-stomatologicheskiy-kabinet/|13|Стоматолог-ортодонт|20
Стоматология «Нежность»|https://prodoctorov.ru/tomsk/lpu/13133-nezhnost-stomatologicheskiy-kabinet/|14|Стоматолог|24
Стоматология «Нежность»|https://prodoctorov.ru/tomsk/lpu/13133-nezhnost-stomatologicheskiy-kabinet/|15|Стоматолог-ортопед|10
Стоматология «Нежность»|https://prodoctorov.ru/tomsk/lpu/13133-nezhnost-stomatologicheskiy-kabinet/|16|Стоматолог-имплантолог, стоматолог-хирург|11
Стоматология «Нежность»|https://prodoctorov.ru/tomsk/lpu/13133-nezhnost-stomatologicheskiy-kabinet/|17|Стоматолог-имплантолог, стоматолог-хирург|7
Стоматология «Нежность»|https://prodoctorov.ru/tomsk/lpu/13133-nezhnost-stomatologicheskiy-kabinet/|18|Стоматолог|10
Стоматология «Демократ»|https://prodoctorov.ru/tomsk/lpu/85141-demokrat/|0|Стоматолог, стоматолог-ортопед|13
Стоматология «Демократ»|https://prodoctorov.ru/tomsk/lpu/85141-demokrat/|1|Стоматолог-гигиенист|5
Стоматология «Демократ»|https://prodoctorov.ru/tomsk/lpu/85141-demokrat/|2|Стоматолог-ортопед|4
Стоматология «Демократ»|https://prodoctorov.ru/tomsk/lpu/85141-demokrat/|3|Стоматолог|1
Стоматология «Демократ»|https://prodoctorov.ru/tomsk/lpu/85141-demokrat/|4|Стоматолог-ортодонт|9
Стоматология «Демократ»|https://prodoctorov.ru/tomsk/lpu/85141-demokrat/|5|Стоматолог-имплантолог|11
Стоматология «Карат»|https://prodoctorov.ru/tomsk/lpu/57981-karat/|0|Стоматолог-гигиенист|10
Стоматология «Карат»|https://prodoctorov.ru/tomsk/lpu/57981-karat/|1|Стоматолог-ортопед, стоматолог-ортодонт|34
Стоматология «Карат»|https://prodoctorov.ru/tomsk/lpu/57981-karat/|2|Стоматолог|16
Стоматология «Карат»|https://prodoctorov.ru/tomsk/lpu/57981-karat/|3|Стоматолог|16
Стоматология «Карат»|https://prodoctorov.ru/tomsk/lpu/57981-karat/|4|Стоматолог|5
Стоматология «Карат»|https://prodoctorov.ru/tomsk/lpu/57981-karat/|5|Стоматолог|30
Стоматология «Карат»|https://prodoctorov.ru/tomsk/lpu/57981-karat/|6|Стоматолог-хирург|4
Стоматология «Миродент» на Солнечной|https://prodoctorov.ru/tomsk/lpu/63116-mirodent/|0|Стоматолог-ортопед, стоматолог-имплантолог, стоматолог-хирург|11
Стоматология «Миродент» на Солнечной|https://prodoctorov.ru/tomsk/lpu/63116-mirodent/|1|Стоматолог|8
Стоматология «Миродент» на Солнечной|https://prodoctorov.ru/tomsk/lpu/63116-mirodent/|2|Стоматолог, детский стоматолог|6
Стоматология «Миродент» на Солнечной|https://prodoctorov.ru/tomsk/lpu/63116-mirodent/|3|Стоматолог-ортопед, стоматолог-имплантолог, стоматолог-хирург|7
Стоматология «Миродент» на Солнечной|https://prodoctorov.ru/tomsk/lpu/63116-mirodent/|4|Стоматолог, детский стоматолог|6
Стоматология «Миродент» на Солнечной|https://prodoctorov.ru/tomsk/lpu/63116-mirodent/|5|Стоматолог, стоматолог-ортопед|4
Стоматология «Миродент» на Солнечной|https://prodoctorov.ru/tomsk/lpu/63116-mirodent/|6|Стоматолог, детский стоматолог|6
Стоматология «Миродент» на Солнечной|https://prodoctorov.ru/tomsk/lpu/63116-mirodent/|7|Стоматолог|1
Стоматология «Миродент» на Солнечной|https://prodoctorov.ru/tomsk/lpu/63116-mirodent/|8|Стоматолог-хирург|2
Стоматология «Миродент» на Солнечной|https://prodoctorov.ru/tomsk/lpu/63116-mirodent/|9|Стоматолог-ортопед|7
Стоматология «Миродент» на Солнечной|https://prodoctorov.ru/tomsk/lpu/63116-mirodent/|10|Стоматолог, детский стоматолог|2
Стоматология «Миродент» на Солнечной|https://prodoctorov.ru/tomsk/lpu/63116-mirodent/|11|Стоматолог-гигиенист|1
Стоматология «Миродент» на Солнечной|https://prodoctorov.ru/tomsk/lpu/63116-mirodent/|12|Стоматолог, детский стоматолог|2
Стоматология «Миродент» на Солнечной|https://prodoctorov.ru/tomsk/lpu/63116-mirodent/|13|Стоматолог-гигиенист|1
Стоматология «Миродент» на Марины Цветаевой|https://prodoctorov.ru/tomsk/lpu/78691-stomatologiya-mirodent-na-mariny-cvetaevoy/|0|Стоматолог-ортопед, стоматолог-имплантолог, стоматолог-хирург|11
Стоматология «Миродент» на Марины Цветаевой|https://prodoctorov.ru/tomsk/lpu/78691-stomatologiya-mirodent-na-mariny-cvetaevoy/|1|Стоматолог-хирург, стоматолог-имплантолог|11
Стоматология «Миродент» на Марины Цветаевой|https://prodoctorov.ru/tomsk/lpu/78691-stomatologiya-mirodent-na-mariny-cvetaevoy/|2|Стоматолог, детский стоматолог|6
Стоматология «Миродент» на Марины Цветаевой|https://prodoctorov.ru/tomsk/lpu/78691-stomatologiya-mirodent-na-mariny-cvetaevoy/|3|Стоматолог-ортопед, стоматолог-имплантолог, стоматолог-хирург|7
Стоматология «Миродент» на Марины Цветаевой|https://prodoctorov.ru/tomsk/lpu/78691-stomatologiya-mirodent-na-mariny-cvetaevoy/|4|Стоматолог, стоматолог-ортопед|4
Стоматология «Миродент» на Марины Цветаевой|https://prodoctorov.ru/tomsk/lpu/78691-stomatologiya-mirodent-na-mariny-cvetaevoy/|5|Стоматолог-гигиенист|24
Стоматология «Миродент» на Марины Цветаевой|https://prodoctorov.ru/tomsk/lpu/78691-stomatologiya-mirodent-na-mariny-cvetaevoy/|6|Стоматолог, детский стоматолог|4
Стоматология «Миродент» на Марины Цветаевой|https://prodoctorov.ru/tomsk/lpu/78691-stomatologiya-mirodent-na-mariny-cvetaevoy/|7|Стоматолог, детский стоматолог|6
Стоматология «Миродент» на Марины Цветаевой|https://prodoctorov.ru/tomsk/lpu/78691-stomatologiya-mirodent-na-mariny-cvetaevoy/|8|Стоматолог|1
Стоматология «Миродент» на Марины Цветаевой|https://prodoctorov.ru/tomsk/lpu/78691-stomatologiya-mirodent-na-mariny-cvetaevoy/|9|Стоматолог-ортопед|7
Стоматология «Миродент» на Марины Цветаевой|https://prodoctorov.ru/tomsk/lpu/78691-stomatologiya-mirodent-na-mariny-cvetaevoy/|10|Стоматолог|2
Стоматология «Миродент» на Марины Цветаевой|https://prodoctorov.ru/tomsk/lpu/78691-stomatologiya-mirodent-na-mariny-cvetaevoy/|11|Стоматолог-гигиенист|1
Стоматология «Миродент» на Марины Цветаевой|https://prodoctorov.ru/tomsk/lpu/78691-stomatologiya-mirodent-na-mariny-cvetaevoy/|12|Стоматолог|2
Стоматология «Денталком»|https://prodoctorov.ru/tomsk/lpu/81607-dentalkom/|0|Стоматолог|16
Стоматология «Денталком»|https://prodoctorov.ru/tomsk/lpu/81607-dentalkom/|1|Стоматолог|5
Стоматология «Денталком»|https://prodoctorov.ru/tomsk/lpu/81607-dentalkom/|2|Стоматолог-ортопед, стоматолог-имплантолог, стоматолог-хирург|9
Стоматология «Денталком»|https://prodoctorov.ru/tomsk/lpu/81607-dentalkom/|3|Стоматолог|3
Стоматология «Денталком»|https://prodoctorov.ru/tomsk/lpu/81607-dentalkom/|4|Стоматолог-ортопед|5
Стоматология «Денталком»|https://prodoctorov.ru/tomsk/lpu/81607-dentalkom/|5|Стоматолог-гигиенист|3
Стоматология «Денталком»|https://prodoctorov.ru/tomsk/lpu/81607-dentalkom/|6|Стоматолог-хирург|4
Стоматология «Эстет»|https://prodoctorov.ru/tomsk/lpu/31714-estet/|0|Стоматолог|28
Стоматология «Эстет»|https://prodoctorov.ru/tomsk/lpu/31714-estet/|1|Стоматолог-хирург|27
Стоматология «Эстет»|https://prodoctorov.ru/tomsk/lpu/31714-estet/|2|Стоматолог|19
Стоматология «Эстет»|https://prodoctorov.ru/tomsk/lpu/31714-estet/|3|Стоматолог-хирург|9
Стоматология «Эстет»|https://prodoctorov.ru/tomsk/lpu/31714-estet/|4|Стоматолог-ортопед|10
Стоматология «Эстет»|https://prodoctorov.ru/tomsk/lpu/31714-estet/|5|Стоматолог-ортодонт, стоматолог|7
Стоматология «Эстет»|https://prodoctorov.ru/tomsk/lpu/31714-estet/|6|Стоматолог|6
Стоматология «Эстет»|https://prodoctorov.ru/tomsk/lpu/31714-estet/|7|Стоматолог|17
Стоматология «Эстет»|https://prodoctorov.ru/tomsk/lpu/31714-estet/|8|Стоматолог|8
Стоматология «Эстет»|https://prodoctorov.ru/tomsk/lpu/31714-estet/|9|Стоматолог-ортопед|6
Стоматология «Эстет»|https://prodoctorov.ru/tomsk/lpu/31714-estet/|10|Стоматолог|9
Стоматология «Эстет»|https://prodoctorov.ru/tomsk/lpu/31714-estet/|11|Стоматолог-ортопед|24
Стоматология «Эстет»|https://prodoctorov.ru/tomsk/lpu/31714-estet/|12|Стоматолог, стоматолог-ортопед|20
Стоматология «Эстет»|https://prodoctorov.ru/tomsk/lpu/31714-estet/|13|Стоматолог|5
Стоматология «Эстет»|https://prodoctorov.ru/tomsk/lpu/31714-estet/|14|Стоматолог|11
Стоматология «Эстет»|https://prodoctorov.ru/tomsk/lpu/31714-estet/|15|Стоматолог|1
Стоматология «Эстет»|https://prodoctorov.ru/tomsk/lpu/31714-estet/|16|Стоматолог-гигиенист|11
Стоматология «Эстет»|https://prodoctorov.ru/tomsk/lpu/31714-estet/|17|Стоматолог-гигиенист|15
Стоматология «Эстет»|https://prodoctorov.ru/tomsk/lpu/31714-estet/|18|Стоматолог|2
Стоматология «Cosmodent» на Фрунзе|https://prodoctorov.ru/tomsk/lpu/87778-stomatologiya-cosmodent-na-frunze/|0|Стоматолог-хирург, стоматолог-имплантолог, стоматолог-ортопед|12
Стоматология «Cosmodent» на Фрунзе|https://prodoctorov.ru/tomsk/lpu/87778-stomatologiya-cosmodent-na-frunze/|1|Детский стоматолог|10
Стоматология «Cosmodent» на Фрунзе|https://prodoctorov.ru/tomsk/lpu/87778-stomatologiya-cosmodent-na-frunze/|2|Стоматолог-ортодонт|13
Стоматология «Cosmodent» на Фрунзе|https://prodoctorov.ru/tomsk/lpu/87778-stomatologiya-cosmodent-na-frunze/|3|Детский стоматолог|9
Стоматология «Cosmodent» на Фрунзе|https://prodoctorov.ru/tomsk/lpu/87778-stomatologiya-cosmodent-na-frunze/|4|Стоматолог-гигиенист|11
Стоматология «Cosmodent» на Фрунзе|https://prodoctorov.ru/tomsk/lpu/87778-stomatologiya-cosmodent-na-frunze/|5|Стоматолог, стоматолог-ортопед, стоматолог-хирург|6
Стоматология «Cosmodent» на Фрунзе|https://prodoctorov.ru/tomsk/lpu/87778-stomatologiya-cosmodent-na-frunze/|6|Детский стоматолог|8
Стоматология «Cosmodent» на Фрунзе|https://prodoctorov.ru/tomsk/lpu/87778-stomatologiya-cosmodent-na-frunze/|7|Стоматолог|4
Стоматология «Cosmodent» на Фрунзе|https://prodoctorov.ru/tomsk/lpu/87778-stomatologiya-cosmodent-na-frunze/|8|Детский стоматолог|4
Стоматология «Cosmodent» на Фрунзе|https://prodoctorov.ru/tomsk/lpu/87778-stomatologiya-cosmodent-na-frunze/|9|Стоматолог-хирург|3
Стоматология «Александра»|https://prodoctorov.ru/tomsk/lpu/31633-aleksandra/|0|Стоматолог, стоматолог-гигиенист|15
Стоматология «Александра»|https://prodoctorov.ru/tomsk/lpu/31633-aleksandra/|1|Стоматолог-ортопед, стоматолог|14
Стоматология «Александра»|https://prodoctorov.ru/tomsk/lpu/31633-aleksandra/|2|Стоматолог|35
Стоматология «Александра»|https://prodoctorov.ru/tomsk/lpu/31633-aleksandra/|3|Стоматолог-хирург|4
Стоматология «Денталия» на Лебедева|https://prodoctorov.ru/tomsk/lpu/58830-stomatologiya-dentaliya-na-lebedeva/|0|Стоматолог-имплантолог, стоматолог-хирург|9
Стоматология «Денталия» на Лебедева|https://prodoctorov.ru/tomsk/lpu/58830-stomatologiya-dentaliya-na-lebedeva/|1|Стоматолог, стоматолог-ортопед, стоматолог-хирург|8
Стоматология «Денталия» на Лебедева|https://prodoctorov.ru/tomsk/lpu/58830-stomatologiya-dentaliya-na-lebedeva/|2|Стоматолог|6
Стоматология «Денталия» на Лебедева|https://prodoctorov.ru/tomsk/lpu/58830-stomatologiya-dentaliya-na-lebedeva/|3|Стоматолог, стоматолог-ортопед|10
Стоматология «Денталия» на Лебедева|https://prodoctorov.ru/tomsk/lpu/58830-stomatologiya-dentaliya-na-lebedeva/|4|Стоматолог|3
Стоматология «Денталия» на Лебедева|https://prodoctorov.ru/tomsk/lpu/58830-stomatologiya-dentaliya-na-lebedeva/|5|Стоматолог|4
Стоматология «Денталия» на Лебедева|https://prodoctorov.ru/tomsk/lpu/58830-stomatologiya-dentaliya-na-lebedeva/|6|Стоматолог|35
Стоматология «Денталия» на Лебедева|https://prodoctorov.ru/tomsk/lpu/58830-stomatologiya-dentaliya-na-lebedeva/|7|Стоматолог, детский стоматолог|6
Стоматология «Денталия» на Лебедева|https://prodoctorov.ru/tomsk/lpu/58830-stomatologiya-dentaliya-na-lebedeva/|8|Стоматолог-хирург, стоматолог-имплантолог, стоматолог-ортопед|10
Стоматология «Денталия» на Лебедева|https://prodoctorov.ru/tomsk/lpu/58830-stomatologiya-dentaliya-na-lebedeva/|9|Стоматолог-гигиенист|25
Стоматология «Денталия» на Лебедева|https://prodoctorov.ru/tomsk/lpu/58830-stomatologiya-dentaliya-na-lebedeva/|10|Стоматолог|5
Стоматология «Денталия» на Лебедева|https://prodoctorov.ru/tomsk/lpu/58830-stomatologiya-dentaliya-na-lebedeva/|11|Стоматолог-ортопед, стоматолог-хирург|10
Стоматология «Денталия» на Лебедева|https://prodoctorov.ru/tomsk/lpu/58830-stomatologiya-dentaliya-na-lebedeva/|12|Стоматолог|-
Медицинский центр «Евродент» на Киевской|https://prodoctorov.ru/tomsk/lpu/31661-evrodent/|0|Стоматолог-ортодонт|18
Медицинский центр «Евродент» на Киевской|https://prodoctorov.ru/tomsk/lpu/31661-evrodent/|1|Стоматолог|26
Медицинский центр «Евродент» на Киевской|https://prodoctorov.ru/tomsk/lpu/31661-evrodent/|2|Стоматолог-ортопед|4
Медицинский центр «Евродент» на Киевской|https://prodoctorov.ru/tomsk/lpu/31661-evrodent/|3|Стоматолог|25
Медицинский центр «Евродент» на Киевской|https://prodoctorov.ru/tomsk/lpu/31661-evrodent/|4|Стоматолог, стоматолог-ортопед, стоматолог-хирург|21
Медицинский центр «Евродент» на Киевской|https://prodoctorov.ru/tomsk/lpu/31661-evrodent/|5|Стоматолог-гигиенист|15
Медицинский центр «Евродент» на Киевской|https://prodoctorov.ru/tomsk/lpu/31661-evrodent/|6|Стоматолог|23
Медицинский центр «Евродент» на Киевской|https://prodoctorov.ru/tomsk/lpu/31661-evrodent/|7|Врач-косметолог|21
Медицинский центр «Евродент» на Киевской|https://prodoctorov.ru/tomsk/lpu/31661-evrodent/|8|Косметолог-эстетист|2
Медицинский центр «Евродент» на Киевской|https://prodoctorov.ru/tomsk/lpu/31661-evrodent/|9|Стоматолог-имплантолог, стоматолог-хирург|5
Медицинский центр «Евродент» на Киевской|https://prodoctorov.ru/tomsk/lpu/31661-evrodent/|10|Стоматолог|8
Медицинский центр «Евродент» на Киевской|https://prodoctorov.ru/tomsk/lpu/31661-evrodent/|11|Стоматолог-хирург|2
Медицинский центр «Евродент» на Киевской|https://prodoctorov.ru/tomsk/lpu/31661-evrodent/|12|Стоматолог|-
Стоматология «Денталия» на 79 Гвардейской Дивизии|https://prodoctorov.ru/tomsk/lpu/31646-dentaliya/|0|Стоматолог-ортопед, стоматолог, стоматолог-хирург|6
Стоматология «Денталия» на 79 Гвардейской Дивизии|https://prodoctorov.ru/tomsk/lpu/31646-dentaliya/|1|Стоматолог, стоматолог-имплантолог, стоматолог-ортопед, стоматолог-хирург|19
Стоматология «Денталия» на 79 Гвардейской Дивизии|https://prodoctorov.ru/tomsk/lpu/31646-dentaliya/|2|Стоматолог-ортопед|50
Стоматология «Денталия» на 79 Гвардейской Дивизии|https://prodoctorov.ru/tomsk/lpu/31646-dentaliya/|3|Стоматолог|3
Стоматология «Денталия» на 79 Гвардейской Дивизии|https://prodoctorov.ru/tomsk/lpu/31646-dentaliya/|4|Детский стоматолог, стоматолог-ортодонт|22
Стоматология «Денталия» на 79 Гвардейской Дивизии|https://prodoctorov.ru/tomsk/lpu/31646-dentaliya/|5|Стоматолог-гигиенист|11
Стоматология «Денталия» на 79 Гвардейской Дивизии|https://prodoctorov.ru/tomsk/lpu/31646-dentaliya/|6|Стоматолог|2
«Медстар» на Набережной реки Ушайки|https://prodoctorov.ru/tomsk/lpu/12944-medstar/|0|Стоматолог-ортодонт|18
«Медстар» на Набережной реки Ушайки|https://prodoctorov.ru/tomsk/lpu/12944-medstar/|1|Стоматолог|11
«Медстар» на Набережной реки Ушайки|https://prodoctorov.ru/tomsk/lpu/12944-medstar/|2|Стоматолог|28
«Медстар» на Набережной реки Ушайки|https://prodoctorov.ru/tomsk/lpu/12944-medstar/|3|Стоматолог-хирург|9
«Медстар» на Набережной реки Ушайки|https://prodoctorov.ru/tomsk/lpu/12944-medstar/|4|Стоматолог-ортопед|34
«Медстар» на Набережной реки Ушайки|https://prodoctorov.ru/tomsk/lpu/12944-medstar/|5|Детский стоматолог|16
«Медстар» на Набережной реки Ушайки|https://prodoctorov.ru/tomsk/lpu/12944-medstar/|6|Стоматолог-гигиенист|14
«Медстар» на Набережной реки Ушайки|https://prodoctorov.ru/tomsk/lpu/12944-medstar/|7|Стоматолог-гигиенист|32
«Медстар» на Набережной реки Ушайки|https://prodoctorov.ru/tomsk/lpu/12944-medstar/|8|Стоматолог|22
«Медстар» на Набережной реки Ушайки|https://prodoctorov.ru/tomsk/lpu/12944-medstar/|9|Стоматолог-ортопед|6
«Медстар» на Набережной реки Ушайки|https://prodoctorov.ru/tomsk/lpu/12944-medstar/|10|Стоматолог-хирург|9
«Медстар» на Набережной реки Ушайки|https://prodoctorov.ru/tomsk/lpu/12944-medstar/|11|Стоматолог-ортодонт|16
«Медстар» на Набережной реки Ушайки|https://prodoctorov.ru/tomsk/lpu/12944-medstar/|12|Стоматолог|3
«Медстар» на Набережной реки Ушайки|https://prodoctorov.ru/tomsk/lpu/12944-medstar/|13|Стоматолог|31
«Медстар» на Набережной реки Ушайки|https://prodoctorov.ru/tomsk/lpu/12944-medstar/|14|Стоматолог|36
«Медстар» на Набережной реки Ушайки|https://prodoctorov.ru/tomsk/lpu/12944-medstar/|15|Стоматолог|9
«Медстар» на Набережной реки Ушайки|https://prodoctorov.ru/tomsk/lpu/12944-medstar/|16|Стоматолог|17
«Медстар» на Набережной реки Ушайки|https://prodoctorov.ru/tomsk/lpu/12944-medstar/|17|Стоматолог|2
«Медстар» на Набережной реки Ушайки|https://prodoctorov.ru/tomsk/lpu/12944-medstar/|18|Стоматолог|38
«Медстар» на Набережной реки Ушайки|https://prodoctorov.ru/tomsk/lpu/12944-medstar/|19|Стоматолог-хирург|1
«Медстар» на Набережной реки Ушайки|https://prodoctorov.ru/tomsk/lpu/12944-medstar/|20|-|-
«Медстар» на Набережной реки Ушайки|https://prodoctorov.ru/tomsk/lpu/12944-medstar/|21|-|-
«Медстар» на Набережной реки Ушайки|https://prodoctorov.ru/tomsk/lpu/12944-medstar/|22|-|-
Стоматология «Апекс»|https://prodoctorov.ru/tomsk/lpu/31639-apeks/|0|Стоматолог, стоматолог-хирург|10
Стоматология «Апекс»|https://prodoctorov.ru/tomsk/lpu/31639-apeks/|1|Стоматолог-имплантолог, стоматолог-хирург|15
Стоматология «Апекс»|https://prodoctorov.ru/tomsk/lpu/31639-apeks/|2|Стоматолог|5
Стоматология «Апекс»|https://prodoctorov.ru/tomsk/lpu/31639-apeks/|3|Стоматолог|6
Стоматология «Апекс»|https://prodoctorov.ru/tomsk/lpu/31639-apeks/|4|Стоматолог-ортопед|-
Стоматология «Апекс»|https://prodoctorov.ru/tomsk/lpu/31639-apeks/|5|Стоматолог|3
Медицинский центр «Евродент» на Герасименко|https://prodoctorov.ru/tomsk/lpu/65318-medicinskiy-centr-evrodent-na-gerasimenko/|0|Стоматолог-ортопед|4
Медицинский центр «Евродент» на Герасименко|https://prodoctorov.ru/tomsk/lpu/65318-medicinskiy-centr-evrodent-na-gerasimenko/|1|Стоматолог|25
Медицинский центр «Евродент» на Герасименко|https://prodoctorov.ru/tomsk/lpu/65318-medicinskiy-centr-evrodent-na-gerasimenko/|2|Стоматолог|23
Медицинский центр «Евродент» на Герасименко|https://prodoctorov.ru/tomsk/lpu/65318-medicinskiy-centr-evrodent-na-gerasimenko/|3|Косметолог-эстетист|2
Медицинский центр «Евродент» на Герасименко|https://prodoctorov.ru/tomsk/lpu/65318-medicinskiy-centr-evrodent-na-gerasimenko/|4|Стоматолог|8
Медицинский центр «Евродент» на Герасименко|https://prodoctorov.ru/tomsk/lpu/65318-medicinskiy-centr-evrodent-na-gerasimenko/|5|Стоматолог-хирург|2
«Медстар» на Иркутском тракте|https://prodoctorov.ru/tomsk/lpu/41185-medstar-na-irkutskom-trakte/|0|Стоматолог-ортодонт|18
«Медстар» на Иркутском тракте|https://prodoctorov.ru/tomsk/lpu/41185-medstar-na-irkutskom-trakte/|1|Стоматолог-хирург|9
«Медстар» на Иркутском тракте|https://prodoctorov.ru/tomsk/lpu/41185-medstar-na-irkutskom-trakte/|2|Стоматолог-гигиенист|15
«Медстар» на Иркутском тракте|https://prodoctorov.ru/tomsk/lpu/41185-medstar-na-irkutskom-trakte/|3|Стоматолог|10
«Медстар» на Иркутском тракте|https://prodoctorov.ru/tomsk/lpu/41185-medstar-na-irkutskom-trakte/|4|Стоматолог-хирург|9
«Медстар» на Иркутском тракте|https://prodoctorov.ru/tomsk/lpu/41185-medstar-na-irkutskom-trakte/|5|Стоматолог-ортопед|18
«Медстар» на Иркутском тракте|https://prodoctorov.ru/tomsk/lpu/41185-medstar-na-irkutskom-trakte/|6|Стоматолог|10
«Медстар» на Иркутском тракте|https://prodoctorov.ru/tomsk/lpu/41185-medstar-na-irkutskom-trakte/|7|Стоматолог|1
«Медстар» на Иркутском тракте|https://prodoctorov.ru/tomsk/lpu/41185-medstar-na-irkutskom-trakte/|8|Стоматолог-хирург|1
«Медстар» на Иркутском тракте|https://prodoctorov.ru/tomsk/lpu/41185-medstar-na-irkutskom-trakte/|9|Детский стоматолог|9
«Медстар» на Иркутском тракте|https://prodoctorov.ru/tomsk/lpu/41185-medstar-na-irkutskom-trakte/|10|Стоматолог|1
Cтоматология «Анкон»|https://prodoctorov.ru/tomsk/lpu/12940-ankon-stomatologicheskaya-klinika/|0|Стоматолог-хирург|39
Cтоматология «Анкон»|https://prodoctorov.ru/tomsk/lpu/12940-ankon-stomatologicheskaya-klinika/|1|Стоматолог, стоматолог-ортопед|3
Cтоматология «Анкон»|https://prodoctorov.ru/tomsk/lpu/12940-ankon-stomatologicheskaya-klinika/|2|Стоматолог-ортопед, стоматолог|14
Cтоматология «Анкон»|https://prodoctorov.ru/tomsk/lpu/12940-ankon-stomatologicheskaya-klinika/|3|Стоматолог|-
Cтоматология «Анкон»|https://prodoctorov.ru/tomsk/lpu/12940-ankon-stomatologicheskaya-klinika/|4|Стоматолог|42
Cтоматология «Анкон»|https://prodoctorov.ru/tomsk/lpu/12940-ankon-stomatologicheskaya-klinika/|5|Стоматолог|1
Cтоматология «Анкон»|https://prodoctorov.ru/tomsk/lpu/12940-ankon-stomatologicheskaya-klinika/|6|Стоматолог|2
Стоматология «Улыбка» на переулке 1905 года|https://prodoctorov.ru/tomsk/lpu/31703-ulybka/|0|Стоматолог|28
Стоматология «Улыбка» на переулке 1905 года|https://prodoctorov.ru/tomsk/lpu/31703-ulybka/|1|Стоматолог-имплантолог, стоматолог-ортопед, стоматолог-хирург|25
Стоматология «Улыбка» на переулке 1905 года|https://prodoctorov.ru/tomsk/lpu/31703-ulybka/|2|Стоматолог-ортодонт|23
Стоматология «Артём»|https://prodoctorov.ru/tomsk/lpu/92974-artyom/|0|Стоматолог|-
Стоматология «Артём»|https://prodoctorov.ru/tomsk/lpu/92974-artyom/|1|Стоматолог|16
Стоматология «Артём»|https://prodoctorov.ru/tomsk/lpu/92974-artyom/|2|Стоматолог|12
Стоматология «Артём»|https://prodoctorov.ru/tomsk/lpu/92974-artyom/|3|Стоматолог, стоматолог-ортодонт|6
Стоматология «Артём»|https://prodoctorov.ru/tomsk/lpu/92974-artyom/|4|Стоматолог-ортопед|36
Стоматология «Денталия» на Савиных|https://prodoctorov.ru/tomsk/lpu/81503-stomatologiya-dentaliya-na-savinyh/|0|Стоматолог, стоматолог-имплантолог, стоматолог-хирург|9
Стоматология «Денталия» на Савиных|https://prodoctorov.ru/tomsk/lpu/81503-stomatologiya-dentaliya-na-savinyh/|1|Стоматолог, стоматолог-ортопед, стоматолог-хирург|8
Стоматология «Денталия» на Савиных|https://prodoctorov.ru/tomsk/lpu/81503-stomatologiya-dentaliya-na-savinyh/|2|Детский стоматолог, стоматолог|6
Стоматология «Денталия» на Савиных|https://prodoctorov.ru/tomsk/lpu/81503-stomatologiya-dentaliya-na-savinyh/|3|Стоматолог|4
Стоматология «Денталия» на Савиных|https://prodoctorov.ru/tomsk/lpu/81503-stomatologiya-dentaliya-na-savinyh/|4|Стоматолог-гигиенист|18
Стоматология «Денталия» на Савиных|https://prodoctorov.ru/tomsk/lpu/81503-stomatologiya-dentaliya-na-savinyh/|5|Стоматолог-хирург, стоматолог-имплантолог, стоматолог-ортопед|10
Стоматология «Денталия» на Савиных|https://prodoctorov.ru/tomsk/lpu/81503-stomatologiya-dentaliya-na-savinyh/|6|Детский стоматолог, стоматолог-ортодонт|22
Стоматология «Денталия» на Савиных|https://prodoctorov.ru/tomsk/lpu/81503-stomatologiya-dentaliya-na-savinyh/|7|Стоматолог|3
Стоматология «Денталия» на Савиных|https://prodoctorov.ru/tomsk/lpu/81503-stomatologiya-dentaliya-na-savinyh/|8|Стоматолог|13
Стоматология «Денталия» на Савиных|https://prodoctorov.ru/tomsk/lpu/81503-stomatologiya-dentaliya-na-savinyh/|9|Стоматолог|2
Стоматология «Денталия» на Иркутском тракте|https://prodoctorov.ru/tomsk/lpu/58829-stomatologiya-dentaliya-na-irkutskom-trakte/|0|Анестезиолог-реаниматолог|15
Стоматология «Денталия» на Иркутском тракте|https://prodoctorov.ru/tomsk/lpu/58829-stomatologiya-dentaliya-na-irkutskom-trakte/|1|Детский стоматолог, стоматолог-ортодонт|6
Стоматология «Денталия» на Иркутском тракте|https://prodoctorov.ru/tomsk/lpu/58829-stomatologiya-dentaliya-na-irkutskom-trakte/|2|Детский стоматолог, стоматолог|6
Стоматология «Денталия» на Иркутском тракте|https://prodoctorov.ru/tomsk/lpu/58829-stomatologiya-dentaliya-na-irkutskom-trakte/|3|Стоматолог-ортопед|50
Стоматология «Денталия» на Иркутском тракте|https://prodoctorov.ru/tomsk/lpu/58829-stomatologiya-dentaliya-na-irkutskom-trakte/|4|Стоматолог|3
Стоматология «Денталия» на Иркутском тракте|https://prodoctorov.ru/tomsk/lpu/58829-stomatologiya-dentaliya-na-irkutskom-trakte/|5|Стоматолог-гигиенист|10
Стоматология «Денталия» на Иркутском тракте|https://prodoctorov.ru/tomsk/lpu/58829-stomatologiya-dentaliya-na-irkutskom-trakte/|6|Стоматолог-хирург, стоматолог-имплантолог|9
Стоматология «Денталия» на Иркутском тракте|https://prodoctorov.ru/tomsk/lpu/58829-stomatologiya-dentaliya-na-irkutskom-trakte/|7|Стоматолог-хирург, стоматолог|3
Стоматология «Денталия» на Иркутском тракте|https://prodoctorov.ru/tomsk/lpu/58829-stomatologiya-dentaliya-na-irkutskom-trakte/|8|Стоматолог|3
Стоматология «Денталия» на Иркутском тракте|https://prodoctorov.ru/tomsk/lpu/58829-stomatologiya-dentaliya-na-irkutskom-trakte/|9|Стоматолог|9
«Уринг клиник»|https://prodoctorov.ru/tomsk/lpu/70033-uring-klinik/|0|Детский стоматолог, стоматолог|20
«Уринг клиник»|https://prodoctorov.ru/tomsk/lpu/70033-uring-klinik/|1|Стоматолог, детский стоматолог|12
«Уринг клиник»|https://prodoctorov.ru/tomsk/lpu/70033-uring-klinik/|2|Стоматолог-ортодонт|31
«Уринг клиник»|https://prodoctorov.ru/tomsk/lpu/70033-uring-klinik/|3|Стоматолог-ортопед, стоматолог-имплантолог, стоматолог-хирург|21
«Уринг клиник»|https://prodoctorov.ru/tomsk/lpu/70033-uring-klinik/|4|Детский стоматолог, стоматолог-ортодонт|7
«Уринг клиник»|https://prodoctorov.ru/tomsk/lpu/70033-uring-klinik/|5|Стоматолог|20
«Уринг клиник»|https://prodoctorov.ru/tomsk/lpu/70033-uring-klinik/|6|Стоматолог-гигиенист|19
«Уринг клиник»|https://prodoctorov.ru/tomsk/lpu/70033-uring-klinik/|7|Стоматолог, стоматолог-имплантолог, стоматолог-ортопед, стоматолог-хирург|10
«Уринг клиник»|https://prodoctorov.ru/tomsk/lpu/70033-uring-klinik/|8|Стоматолог|6
«Уринг клиник»|https://prodoctorov.ru/tomsk/lpu/70033-uring-klinik/|9|Рентгенолог|6
«Уринг клиник»|https://prodoctorov.ru/tomsk/lpu/70033-uring-klinik/|10|Рентгенолог|5
«Уринг клиник»|https://prodoctorov.ru/tomsk/lpu/70033-uring-klinik/|11|Стоматолог|11
«Уринг клиник»|https://prodoctorov.ru/tomsk/lpu/70033-uring-klinik/|12|Анестезиолог-реаниматолог|15
«Уринг клиник»|https://prodoctorov.ru/tomsk/lpu/70033-uring-klinik/|13|Стоматолог-хирург|2
Стоматология «ЦСМ» на Хмельницкого|https://prodoctorov.ru/tomsk/lpu/71706-csm/|0|Стоматолог|17
Стоматология «ЦСМ» на Хмельницкого|https://prodoctorov.ru/tomsk/lpu/71706-csm/|1|Стоматолог|4
Стоматология «ЦСМ» на Хмельницкого|https://prodoctorov.ru/tomsk/lpu/71706-csm/|2|Стоматолог-гигиенист|15
Стоматология «Оптима»|https://prodoctorov.ru/tomsk/lpu/95987-optima/|0|Стоматолог|13
Стоматология «Оптима»|https://prodoctorov.ru/tomsk/lpu/95987-optima/|1|Стоматолог-ортопед, стоматолог-хирург|28
Стоматология «Оптима»|https://prodoctorov.ru/tomsk/lpu/95987-optima/|2|Стоматолог|24
Стоматология «Улыбка» на Смирнова|https://prodoctorov.ru/tomsk/lpu/65728-stomatologiya-ulybka-na-smirnova/|0|Стоматолог-имплантолог, стоматолог-ортопед, стоматолог-хирург|25
Стоматология «Улыбка» на Смирнова|https://prodoctorov.ru/tomsk/lpu/65728-stomatologiya-ulybka-na-smirnova/|1|Стоматолог-ортодонт|23
Стоматология «Улыбка» на Смирнова|https://prodoctorov.ru/tomsk/lpu/65728-stomatologiya-ulybka-na-smirnova/|2|Стоматолог|-
Стоматология «Улыбка» на Смирнова|https://prodoctorov.ru/tomsk/lpu/65728-stomatologiya-ulybka-na-smirnova/|3|Стоматолог|20
«Мастер Дент» на проспекте Фрунзе|https://prodoctorov.ru/tomsk/lpu/41183-master-dent-na-frunze/|0|Стоматолог-гигиенист|17
«Мастер Дент» на проспекте Фрунзе|https://prodoctorov.ru/tomsk/lpu/41183-master-dent-na-frunze/|1|Стоматолог-ортопед|10
«Мастер Дент» на проспекте Фрунзе|https://prodoctorov.ru/tomsk/lpu/41183-master-dent-na-frunze/|2|Стоматолог|7
«Мастер Дент» на проспекте Фрунзе|https://prodoctorov.ru/tomsk/lpu/41183-master-dent-na-frunze/|3|Стоматолог-ортодонт|4
«Мастер Дент» на проспекте Фрунзе|https://prodoctorov.ru/tomsk/lpu/41183-master-dent-na-frunze/|4|Стоматолог|5
«Мастер Дент» на проспекте Фрунзе|https://prodoctorov.ru/tomsk/lpu/41183-master-dent-na-frunze/|5|Стоматолог|6
«Мастер Дент» на проспекте Фрунзе|https://prodoctorov.ru/tomsk/lpu/41183-master-dent-na-frunze/|6|Стоматолог-хирург|3
«Мастер Дент» на проспекте Фрунзе|https://prodoctorov.ru/tomsk/lpu/41183-master-dent-na-frunze/|7|Стоматолог|5
«Мастер Дент» на проспекте Фрунзе|https://prodoctorov.ru/tomsk/lpu/41183-master-dent-na-frunze/|8|Стоматолог|7
«Мастер Дент» на проспекте Фрунзе|https://prodoctorov.ru/tomsk/lpu/41183-master-dent-na-frunze/|9|Стоматолог, пародонтолог|9
«Мастер Дент» на проспекте Фрунзе|https://prodoctorov.ru/tomsk/lpu/41183-master-dent-na-frunze/|10|Стоматолог-гигиенист|27
«Мастер Дент» на проспекте Фрунзе|https://prodoctorov.ru/tomsk/lpu/41183-master-dent-na-frunze/|11|Стоматолог-хирург, пародонтолог, стоматолог-имплантолог|11
«Мастер Дент» на проспекте Фрунзе|https://prodoctorov.ru/tomsk/lpu/41183-master-dent-na-frunze/|12|Стоматолог-ортодонт|6
«Мастер Дент» на проспекте Фрунзе|https://prodoctorov.ru/tomsk/lpu/41183-master-dent-na-frunze/|13|Стоматолог-ортодонт|9
«Мастер Дент» на проспекте Фрунзе|https://prodoctorov.ru/tomsk/lpu/41183-master-dent-na-frunze/|14|Стоматолог-ортодонт|20
«Мастер Дент» на проспекте Фрунзе|https://prodoctorov.ru/tomsk/lpu/41183-master-dent-na-frunze/|15|Стоматолог|6
«Мастер Дент» на проспекте Фрунзе|https://prodoctorov.ru/tomsk/lpu/41183-master-dent-na-frunze/|16|Стоматолог|5
«Мастер Дент» на проспекте Фрунзе|https://prodoctorov.ru/tomsk/lpu/41183-master-dent-na-frunze/|17|Стоматолог-ортодонт|3
Стоматология «Эликсир» на Белинского|https://prodoctorov.ru/tomsk/lpu/45199-stomatologicheskaya-klinika-eliksir-na-belinskogo/|0|Стоматолог, стоматолог-ортопед|20
Стоматология «Эликсир» на Белинского|https://prodoctorov.ru/tomsk/lpu/45199-stomatologicheskaya-klinika-eliksir-na-belinskogo/|1|Стоматолог-ортопед|36
Стоматология «Эликсир» на Белинского|https://prodoctorov.ru/tomsk/lpu/45199-stomatologicheskaya-klinika-eliksir-na-belinskogo/|2|Стоматолог-хирург, стоматолог-имплантолог|13
Стоматология «Эликсир» на Белинского|https://prodoctorov.ru/tomsk/lpu/45199-stomatologicheskaya-klinika-eliksir-na-belinskogo/|3|Стоматолог|31
Стоматология «Эликсир» на Белинского|https://prodoctorov.ru/tomsk/lpu/45199-stomatologicheskaya-klinika-eliksir-na-belinskogo/|4|Стоматолог-гигиенист|15
Стоматология «Эликсир» на Белинского|https://prodoctorov.ru/tomsk/lpu/45199-stomatologicheskaya-klinika-eliksir-na-belinskogo/|5|Стоматолог|11
Стоматология «Эликсир» на Белинского|https://prodoctorov.ru/tomsk/lpu/45199-stomatologicheskaya-klinika-eliksir-na-belinskogo/|6|Стоматолог, пародонтолог|13
Стоматология «Эликсир» на Белинского|https://prodoctorov.ru/tomsk/lpu/45199-stomatologicheskaya-klinika-eliksir-na-belinskogo/|7|Анестезиолог-реаниматолог|15
Стоматология «Эликсир» на Белинского|https://prodoctorov.ru/tomsk/lpu/45199-stomatologicheskaya-klinika-eliksir-na-belinskogo/|8|Стоматолог, пародонтолог|7
Стоматология «Эликсир» на Белинского|https://prodoctorov.ru/tomsk/lpu/45199-stomatologicheskaya-klinika-eliksir-na-belinskogo/|9|Стоматолог-гигиенист|4
Стоматология «Эликсир» на Белинского|https://prodoctorov.ru/tomsk/lpu/45199-stomatologicheskaya-klinika-eliksir-na-belinskogo/|10|Детский стоматолог, стоматолог|4
Стоматология «Эликсир» на Белинского|https://prodoctorov.ru/tomsk/lpu/45199-stomatologicheskaya-klinika-eliksir-na-belinskogo/|11|Стоматолог-гигиенист|15
Стоматология «Эликсир» на Белинского|https://prodoctorov.ru/tomsk/lpu/45199-stomatologicheskaya-klinika-eliksir-na-belinskogo/|12|Стоматолог-ортодонт|7
Стоматология «Эликсир» на Белинского|https://prodoctorov.ru/tomsk/lpu/45199-stomatologicheskaya-klinika-eliksir-na-belinskogo/|13|Стоматолог|7
Стоматология «Эликсир» на Белинского|https://prodoctorov.ru/tomsk/lpu/45199-stomatologicheskaya-klinika-eliksir-na-belinskogo/|14|Стоматолог-ортопед|8
Стоматология «Эликсир» на Белинского|https://prodoctorov.ru/tomsk/lpu/45199-stomatologicheskaya-klinika-eliksir-na-belinskogo/|15|Стоматолог|5
Стоматология «Эликсир» на Белинского|https://prodoctorov.ru/tomsk/lpu/45199-stomatologicheskaya-klinika-eliksir-na-belinskogo/|16|Стоматолог|5
«Мастер Дент» на проспекте Мира|https://prodoctorov.ru/tomsk/lpu/41182-master-dent-na-mira/|0|Стоматолог-гигиенист|13
«Мастер Дент» на проспекте Мира|https://prodoctorov.ru/tomsk/lpu/41182-master-dent-na-mira/|1|Стоматолог|9
«Мастер Дент» на проспекте Мира|https://prodoctorov.ru/tomsk/lpu/41182-master-dent-na-mira/|2|Детский стоматолог|12
«Мастер Дент» на проспекте Мира|https://prodoctorov.ru/tomsk/lpu/41182-master-dent-na-mira/|3|Стоматолог-ортопед|10
«Мастер Дент» на проспекте Мира|https://prodoctorov.ru/tomsk/lpu/41182-master-dent-na-mira/|4|Детский стоматолог|5
«Мастер Дент» на проспекте Мира|https://prodoctorov.ru/tomsk/lpu/41182-master-dent-na-mira/|5|Стоматолог-хирург, пародонтолог, стоматолог-имплантолог|13
«Мастер Дент» на проспекте Мира|https://prodoctorov.ru/tomsk/lpu/41182-master-dent-na-mira/|6|Стоматолог-хирург, пародонтолог, стоматолог-имплантолог|11
«Мастер Дент» на проспекте Мира|https://prodoctorov.ru/tomsk/lpu/41182-master-dent-na-mira/|7|Стоматолог-хирург|3
«Мастер Дент» на проспекте Мира|https://prodoctorov.ru/tomsk/lpu/41182-master-dent-na-mira/|8|Стоматолог|17
«Мастер Дент» на проспекте Мира|https://prodoctorov.ru/tomsk/lpu/41182-master-dent-na-mira/|9|Детский стоматолог|15
«Мастер Дент» на проспекте Мира|https://prodoctorov.ru/tomsk/lpu/41182-master-dent-na-mira/|10|Стоматолог-гигиенист|5
«Мастер Дент» на проспекте Мира|https://prodoctorov.ru/tomsk/lpu/41182-master-dent-na-mira/|11|Стоматолог|22
«Мастер Дент» на проспекте Мира|https://prodoctorov.ru/tomsk/lpu/41182-master-dent-na-mira/|12|Детский стоматолог|9
«Мастер Дент» на проспекте Мира|https://prodoctorov.ru/tomsk/lpu/41182-master-dent-na-mira/|13|Стоматолог-ортодонт|9
«Мастер Дент» на проспекте Мира|https://prodoctorov.ru/tomsk/lpu/41182-master-dent-na-mira/|14|Стоматолог-ортодонт|20
«Мастер Дент» на проспекте Мира|https://prodoctorov.ru/tomsk/lpu/41182-master-dent-na-mira/|15|Стоматолог-ортопед|16
«Мастер Дент» на проспекте Мира|https://prodoctorov.ru/tomsk/lpu/41182-master-dent-na-mira/|16|Детский стоматолог|5
«Мастер Дент» на проспекте Мира|https://prodoctorov.ru/tomsk/lpu/41182-master-dent-na-mira/|17|Анестезиолог-реаниматолог|20
«Мастер Дент» на проспекте Мира|https://prodoctorov.ru/tomsk/lpu/41182-master-dent-na-mira/|18|Стоматолог|1
«Мастер Дент» на проспекте Мира|https://prodoctorov.ru/tomsk/lpu/41182-master-dent-na-mira/|19|Стоматолог|2
«Мастер Дент» на проспекте Мира|https://prodoctorov.ru/tomsk/lpu/41182-master-dent-na-mira/|20|-|-
«Мастер Дент» на проспекте Мира|https://prodoctorov.ru/tomsk/lpu/41182-master-dent-na-mira/|21|-|-
«Мастер Дент» на проспекте Мира|https://prodoctorov.ru/tomsk/lpu/41182-master-dent-na-mira/|22|-|-
«Мастер Дент» на проспекте Мира|https://prodoctorov.ru/tomsk/lpu/41182-master-dent-na-mira/|23|-|-
«Мастер Дент» на проспекте Мира|https://prodoctorov.ru/tomsk/lpu/41182-master-dent-na-mira/|24|-|-
«Мастер Дент» на проспекте Мира|https://prodoctorov.ru/tomsk/lpu/41182-master-dent-na-mira/|25|-|-
Стоматология «ЗубОк» на Кирова|https://prodoctorov.ru/tomsk/lpu/82008-stomatologiya-zubok-na-kirova/|0|Стоматолог-ортопед|10
Стоматология «ЗубОк» на Кирова|https://prodoctorov.ru/tomsk/lpu/82008-stomatologiya-zubok-na-kirova/|1|Стоматолог-ортодонт|9
Стоматология «ЗубОк» на Кирова|https://prodoctorov.ru/tomsk/lpu/82008-stomatologiya-zubok-na-kirova/|2|Стоматолог|11
Стоматология «ЗубОк» на Кирова|https://prodoctorov.ru/tomsk/lpu/82008-stomatologiya-zubok-na-kirova/|3|Стоматолог|7
Стоматология «ЗубОк» на Кирова|https://prodoctorov.ru/tomsk/lpu/82008-stomatologiya-zubok-na-kirova/|4|Детский стоматолог|7
Стоматология «ЗубОк» на Кирова|https://prodoctorov.ru/tomsk/lpu/82008-stomatologiya-zubok-na-kirova/|5|Стоматолог-имплантолог, стоматолог-хирург|10
Стоматология «ЗубОк» на Кирова|https://prodoctorov.ru/tomsk/lpu/82008-stomatologiya-zubok-na-kirova/|6|Стоматолог-гигиенист|6
Стоматология «Эликсир Премьер» на Шевченко|https://prodoctorov.ru/tomsk/lpu/12684-eliksir-stomatologicheskaya-klinika/|0|Стоматолог-ортодонт|17
Стоматология «Эликсир Премьер» на Шевченко|https://prodoctorov.ru/tomsk/lpu/12684-eliksir-stomatologicheskaya-klinika/|1|Стоматолог|10
Стоматология «Эликсир Премьер» на Шевченко|https://prodoctorov.ru/tomsk/lpu/12684-eliksir-stomatologicheskaya-klinika/|2|Стоматолог|12
Стоматология «Эликсир Премьер» на Шевченко|https://prodoctorov.ru/tomsk/lpu/12684-eliksir-stomatologicheskaya-klinika/|3|Стоматолог|8
Стоматология «Эликсир Премьер» на Шевченко|https://prodoctorov.ru/tomsk/lpu/12684-eliksir-stomatologicheskaya-klinika/|4|Стоматолог|14
Стоматология «Эликсир Премьер» на Шевченко|https://prodoctorov.ru/tomsk/lpu/12684-eliksir-stomatologicheskaya-klinika/|5|Стоматолог-ортопед|8
Стоматология «Эликсир Премьер» на Шевченко|https://prodoctorov.ru/tomsk/lpu/12684-eliksir-stomatologicheskaya-klinika/|6|Стоматолог|3
Стоматология «Эликсир Премьер» на Шевченко|https://prodoctorov.ru/tomsk/lpu/12684-eliksir-stomatologicheskaya-klinika/|7|Стоматолог-хирург|10
Стоматология «Эликсир Премьер» на Шевченко|https://prodoctorov.ru/tomsk/lpu/12684-eliksir-stomatologicheskaya-klinika/|8|Стоматолог|28
Стоматология «Эликсир Премьер» на Шевченко|https://prodoctorov.ru/tomsk/lpu/12684-eliksir-stomatologicheskaya-klinika/|9|Стоматолог-гигиенист|9
Стоматология «Эликсир Премьер» на Шевченко|https://prodoctorov.ru/tomsk/lpu/12684-eliksir-stomatologicheskaya-klinika/|10|Стоматолог|7
Стоматология «Эликсир Премьер» на Шевченко|https://prodoctorov.ru/tomsk/lpu/12684-eliksir-stomatologicheskaya-klinika/|11|Стоматолог-ортодонт|17
Стоматология «Эликсир Премьер» на Шевченко|https://prodoctorov.ru/tomsk/lpu/12684-eliksir-stomatologicheskaya-klinika/|12|Стоматолог-гигиенист|21
Стоматология «Эликсир Премьер» на Шевченко|https://prodoctorov.ru/tomsk/lpu/12684-eliksir-stomatologicheskaya-klinika/|13|Стоматолог-ортопед|17
Стоматология «Эликсир Премьер» на Шевченко|https://prodoctorov.ru/tomsk/lpu/12684-eliksir-stomatologicheskaya-klinika/|14|Стоматолог-гигиенист|21
«Мастер Дент» на 19 Гвардейской Дивизии|https://prodoctorov.ru/tomsk/lpu/41184-master-dent-na-19-gvardyayskoy-divizii/|0|Стоматолог-ортопед|12
«Мастер Дент» на 19 Гвардейской Дивизии|https://prodoctorov.ru/tomsk/lpu/41184-master-dent-na-19-gvardyayskoy-divizii/|1|Стоматолог-гигиенист|4
«Мастер Дент» на 19 Гвардейской Дивизии|https://prodoctorov.ru/tomsk/lpu/41184-master-dent-na-19-gvardyayskoy-divizii/|2|Стоматолог-хирург, пародонтолог, стоматолог-имплантолог|13
«Мастер Дент» на 19 Гвардейской Дивизии|https://prodoctorov.ru/tomsk/lpu/41184-master-dent-na-19-gvardyayskoy-divizii/|3|Стоматолог-хирург, пародонтолог, стоматолог-имплантолог|11
«Мастер Дент» на 19 Гвардейской Дивизии|https://prodoctorov.ru/tomsk/lpu/41184-master-dent-na-19-gvardyayskoy-divizii/|4|Стоматолог|19
«Мастер Дент» на 19 Гвардейской Дивизии|https://prodoctorov.ru/tomsk/lpu/41184-master-dent-na-19-gvardyayskoy-divizii/|5|Стоматолог|4
«Мастер Дент» на 19 Гвардейской Дивизии|https://prodoctorov.ru/tomsk/lpu/41184-master-dent-na-19-gvardyayskoy-divizii/|6|Стоматолог|4
«Мастер Дент» на 19 Гвардейской Дивизии|https://prodoctorov.ru/tomsk/lpu/41184-master-dent-na-19-gvardyayskoy-divizii/|7|Стоматолог|2
«Мастер Дент» на 19 Гвардейской Дивизии|https://prodoctorov.ru/tomsk/lpu/41184-master-dent-na-19-gvardyayskoy-divizii/|8|Стоматолог|1
Научно-практический центр «Стоматология»|https://prodoctorov.ru/tomsk/lpu/31693-stomatologiya/|0|Стоматолог|9
Научно-практический центр «Стоматология»|https://prodoctorov.ru/tomsk/lpu/31693-stomatologiya/|1|Стоматолог-ортодонт|11
Научно-практический центр «Стоматология»|https://prodoctorov.ru/tomsk/lpu/31693-stomatologiya/|2|Стоматолог-хирург|7
Научно-практический центр «Стоматология»|https://prodoctorov.ru/tomsk/lpu/31693-stomatologiya/|3|Стоматолог-ортопед|4
Научно-практический центр «Стоматология»|https://prodoctorov.ru/tomsk/lpu/31693-stomatologiya/|4|Стоматолог, детский стоматолог, стоматолог-ортодонт|29
Научно-практический центр «Стоматология»|https://prodoctorov.ru/tomsk/lpu/31693-stomatologiya/|5|Стоматолог, стоматолог-ортопед|3
Научно-практический центр «Стоматология»|https://prodoctorov.ru/tomsk/lpu/31693-stomatologiya/|6|Стоматолог|1
Научно-практический центр «Стоматология»|https://prodoctorov.ru/tomsk/lpu/31693-stomatologiya/|7|Стоматолог|28
«Мастер Дент» на Герцена|https://prodoctorov.ru/tomsk/lpu/31671-master-dent/|0|Стоматолог|10
«Мастер Дент» на Герцена|https://prodoctorov.ru/tomsk/lpu/31671-master-dent/|1|Стоматолог-ортопед|12
«Мастер Дент» на Герцена|https://prodoctorov.ru/tomsk/lpu/31671-master-dent/|2|Стоматолог-хирург, пародонтолог, стоматолог-имплантолог|11
«Мастер Дент» на Герцена|https://prodoctorov.ru/tomsk/lpu/31671-master-dent/|3|Стоматолог|4
«Мастер Дент» на Герцена|https://prodoctorov.ru/tomsk/lpu/31671-master-dent/|4|Стоматолог-ортопед|3
«Мастер Дент» на Герцена|https://prodoctorov.ru/tomsk/lpu/31671-master-dent/|5|Стоматолог-гигиенист|10
«Мастер Дент» на Герцена|https://prodoctorov.ru/tomsk/lpu/31671-master-dent/|6|Стоматолог|2
«Мастер Дент» на Герцена|https://prodoctorov.ru/tomsk/lpu/31671-master-dent/|7|Стоматолог|2
«Мастер Дент» на Герцена|https://prodoctorov.ru/tomsk/lpu/31671-master-dent/|8|Стоматолог|2
Стоматология «Центр дентальной имплантации»|https://prodoctorov.ru/tomsk/lpu/31707-centr-dentalnoy-implantacii/|0|Онколог, стоматолог-имплантолог, челюстно-лицевой хирург|23
Стоматология «Центр дентальной имплантации»|https://prodoctorov.ru/tomsk/lpu/31707-centr-dentalnoy-implantacii/|1|Стоматолог-хирург, стоматолог-имплантолог|34
Стоматология «Центр дентальной имплантации»|https://prodoctorov.ru/tomsk/lpu/31707-centr-dentalnoy-implantacii/|2|Стоматолог-ортопед, стоматолог-имплантолог|28
Стоматология «Центр дентальной имплантации»|https://prodoctorov.ru/tomsk/lpu/31707-centr-dentalnoy-implantacii/|3|Стоматолог, детский стоматолог, стоматолог-гигиенист|13
Стоматология «Центр дентальной имплантации»|https://prodoctorov.ru/tomsk/lpu/31707-centr-dentalnoy-implantacii/|4|Стоматолог, детский стоматолог, стоматолог-гигиенист|25
Стоматология «Центр дентальной имплантации»|https://prodoctorov.ru/tomsk/lpu/31707-centr-dentalnoy-implantacii/|5|Стоматолог, стоматолог-гигиенист|3
Стоматология «Центр дентальной имплантации»|https://prodoctorov.ru/tomsk/lpu/31707-centr-dentalnoy-implantacii/|6|Стоматолог-ортопед|5
Стоматология «Центр дентальной имплантации»|https://prodoctorov.ru/tomsk/lpu/31707-centr-dentalnoy-implantacii/|7|Стоматолог-ортодонт|7
Стоматология «Центр дентальной имплантации»|https://prodoctorov.ru/tomsk/lpu/31707-centr-dentalnoy-implantacii/|8|Анестезиолог-реаниматолог|27
Стоматология «ДентХаус»|https://prodoctorov.ru/tomsk/lpu/70035-denthaus/|0|Стоматолог-ортодонт|5
Стоматология «ДентХаус»|https://prodoctorov.ru/tomsk/lpu/70035-denthaus/|1|Стоматолог|26
Стоматология «ДентХаус»|https://prodoctorov.ru/tomsk/lpu/70035-denthaus/|2|Стоматолог-хирург, челюстно-лицевой хирург|14
Стоматология «ДентХаус»|https://prodoctorov.ru/tomsk/lpu/70035-denthaus/|3|Челюстно-лицевой хирург, стоматолог-имплантолог, стоматолог-хирург|-
Стоматология «ДентХаус»|https://prodoctorov.ru/tomsk/lpu/70035-denthaus/|4|Челюстно-лицевой хирург, стоматолог-имплантолог, стоматолог-ортопед, стоматолог-хирург|16
Стоматология «ДентХаус»|https://prodoctorov.ru/tomsk/lpu/70035-denthaus/|5|Стоматолог|2
Стоматология «ДентХаус»|https://prodoctorov.ru/tomsk/lpu/70035-denthaus/|6|Стоматолог-ортопед, стоматолог-хирург|15
Стоматология «ЗубОк» на Урожайном|https://prodoctorov.ru/tomsk/lpu/49933-zub-ok/|0|Стоматолог-ортопед|10
Стоматология «ЗубОк» на Урожайном|https://prodoctorov.ru/tomsk/lpu/49933-zub-ok/|1|Стоматолог|3
Стоматология «ЗубОк» на Урожайном|https://prodoctorov.ru/tomsk/lpu/49933-zub-ok/|2|Стоматолог-гигиенист|5
Стоматология «ЗубОк» на Урожайном|https://prodoctorov.ru/tomsk/lpu/49933-zub-ok/|3|Детский стоматолог|5
Стоматология «Колибри»|https://prodoctorov.ru/tomsk/lpu/60010-kolibri/|0|Стоматолог-гигиенист|-
Стоматология «Колибри»|https://prodoctorov.ru/tomsk/lpu/60010-kolibri/|1|Стоматолог-ортопед|14
Стоматология «Колибри»|https://prodoctorov.ru/tomsk/lpu/60010-kolibri/|2|Стоматолог|10
Стоматология «Колибри»|https://prodoctorov.ru/tomsk/lpu/60010-kolibri/|3|Стоматолог, стоматолог-хирург|18
Стоматология «Колибри»|https://prodoctorov.ru/tomsk/lpu/60010-kolibri/|4|Стоматолог-ортопед|18
Стоматология «Дента Русь» на Иркутском тракте|https://prodoctorov.ru/tomsk/lpu/31649-denta-rus/|0|Стоматолог-хирург|12
Стоматология «Дента Русь» на Иркутском тракте|https://prodoctorov.ru/tomsk/lpu/31649-denta-rus/|1|Стоматолог-хирург, стоматолог-имплантолог|9
Стоматология «Дента Русь» на Иркутском тракте|https://prodoctorov.ru/tomsk/lpu/31649-denta-rus/|2|Стоматолог, детский стоматолог|9
Стоматология «Дента Русь» на Иркутском тракте|https://prodoctorov.ru/tomsk/lpu/31649-denta-rus/|3|Стоматолог, детский стоматолог|12
Стоматология «Дента Русь» на Иркутском тракте|https://prodoctorov.ru/tomsk/lpu/31649-denta-rus/|4|Стоматолог|12
Стоматология «Дента Русь» на Иркутском тракте|https://prodoctorov.ru/tomsk/lpu/31649-denta-rus/|5|Стоматолог-ортодонт|48
Стоматология «Дента Русь» на Иркутском тракте|https://prodoctorov.ru/tomsk/lpu/31649-denta-rus/|6|Стоматолог|46
Стоматология «Дента Русь» на Иркутском тракте|https://prodoctorov.ru/tomsk/lpu/31649-denta-rus/|7|Стоматолог|-
«Центр современной стоматологии» на Суворова|https://prodoctorov.ru/tomsk/lpu/90110-centr-sovremennoy-stomatologii-na-suvorova/|0|Стоматолог|11
«Центр современной стоматологии» на Суворова|https://prodoctorov.ru/tomsk/lpu/90110-centr-sovremennoy-stomatologii-na-suvorova/|1|Стоматолог|10
«Центр современной стоматологии» на Суворова|https://prodoctorov.ru/tomsk/lpu/90110-centr-sovremennoy-stomatologii-na-suvorova/|2|Стоматолог-ортодонт|11
«Центр современной стоматологии» на Суворова|https://prodoctorov.ru/tomsk/lpu/90110-centr-sovremennoy-stomatologii-na-suvorova/|3|Стоматолог-ортопед, стоматолог-хирург|9
«Центр современной стоматологии» на Суворова|https://prodoctorov.ru/tomsk/lpu/90110-centr-sovremennoy-stomatologii-na-suvorova/|4|Стоматолог-хирург|6
«Центр современной стоматологии» на Суворова|https://prodoctorov.ru/tomsk/lpu/90110-centr-sovremennoy-stomatologii-na-suvorova/|5|Стоматолог|20
«Центр современной стоматологии» на Суворова|https://prodoctorov.ru/tomsk/lpu/90110-centr-sovremennoy-stomatologii-na-suvorova/|6|Стоматолог|6
«Центр современной стоматологии» на Суворова|https://prodoctorov.ru/tomsk/lpu/90110-centr-sovremennoy-stomatologii-na-suvorova/|7|Стоматолог|32
«Центр современной стоматологии» на Суворова|https://prodoctorov.ru/tomsk/lpu/90110-centr-sovremennoy-stomatologii-na-suvorova/|8|Стоматолог-гигиенист|15
«Центр современной стоматологии» на Суворова|https://prodoctorov.ru/tomsk/lpu/90110-centr-sovremennoy-stomatologii-na-suvorova/|9|Стоматолог|19
«Центр современной стоматологии» на Суворова|https://prodoctorov.ru/tomsk/lpu/90110-centr-sovremennoy-stomatologii-na-suvorova/|10|Стоматолог|2
«Центр современной стоматологии» на Суворова|https://prodoctorov.ru/tomsk/lpu/90110-centr-sovremennoy-stomatologii-na-suvorova/|11|Стоматолог|15
Стоматология «Тверская»|https://prodoctorov.ru/tomsk/lpu/31699-tverskaya/|0|Стоматолог|11
Стоматология «Тверская»|https://prodoctorov.ru/tomsk/lpu/31699-tverskaya/|1|Стоматолог-хирург, стоматолог-имплантолог|14
Стоматология «Тверская»|https://prodoctorov.ru/tomsk/lpu/31699-tverskaya/|2|Стоматолог|21
Стоматология «Тверская»|https://prodoctorov.ru/tomsk/lpu/31699-tverskaya/|3|Стоматолог-ортопед, стоматолог|5
Стоматология «Тверская»|https://prodoctorov.ru/tomsk/lpu/31699-tverskaya/|4|Стоматолог-ортопед|46
Стоматология «Смайл клиник» на Елизаровых|https://prodoctorov.ru/tomsk/lpu/31632-smile-clinic/|0|Стоматолог|6
Стоматология «Смайл клиник» на Елизаровых|https://prodoctorov.ru/tomsk/lpu/31632-smile-clinic/|1|Стоматолог-гигиенист|5
Стоматология «Смайл клиник» на Елизаровых|https://prodoctorov.ru/tomsk/lpu/31632-smile-clinic/|2|Стоматолог|3
Стоматология «Смайл клиник» на Елизаровых|https://prodoctorov.ru/tomsk/lpu/31632-smile-clinic/|3|Стоматолог|17
Стоматология «Смайл клиник» на Елизаровых|https://prodoctorov.ru/tomsk/lpu/31632-smile-clinic/|4|Стоматолог, стоматолог-ортодонт|6
Стоматология «Смайл клиник» на Елизаровых|https://prodoctorov.ru/tomsk/lpu/31632-smile-clinic/|5|Стоматолог|9
Стоматология «Нео Медика»|https://prodoctorov.ru/tomsk/lpu/49582-neo-medika/|0|Стоматолог|10
Стоматология «Нео Медика»|https://prodoctorov.ru/tomsk/lpu/49582-neo-medika/|1|Стоматолог, стоматолог-ортопед|15
Стоматология «Нео Медика»|https://prodoctorov.ru/tomsk/lpu/49582-neo-medika/|2|Стоматолог-хирург|10
Стоматология «Нео Медика»|https://prodoctorov.ru/tomsk/lpu/49582-neo-medika/|3|Стоматолог|8
Стоматология «Нео Медика»|https://prodoctorov.ru/tomsk/lpu/49582-neo-medika/|4|Стоматолог-ортопед, стоматолог-хирург|15
Стоматология «Голливуд»|https://prodoctorov.ru/tomsk/lpu/58759-gollivud/|0|Стоматолог-гигиенист|15
Стоматология «Голливуд»|https://prodoctorov.ru/tomsk/lpu/58759-gollivud/|1|Стоматолог, стоматолог-ортопед|15
Стоматология «Голливуд»|https://prodoctorov.ru/tomsk/lpu/58759-gollivud/|2|Гнатолог, стоматолог, стоматолог-ортопед, стоматолог-хирург|16
Стоматология «Голливуд»|https://prodoctorov.ru/tomsk/lpu/58759-gollivud/|3|Стоматолог-ортодонт|-
Стоматология «Голливуд»|https://prodoctorov.ru/tomsk/lpu/58759-gollivud/|4|Стоматолог|20
Стоматология «Голливуд»|https://prodoctorov.ru/tomsk/lpu/58759-gollivud/|5|Стоматолог|24
Стоматология «Голливуд»|https://prodoctorov.ru/tomsk/lpu/58759-gollivud/|6|Стоматолог-ортопед|-
«Центр современной стоматологии» на Иркутском|https://prodoctorov.ru/tomsk/lpu/67218-centr-sovremennoy-stomatologii/|0|Стоматолог-ортодонт, стоматолог-ортопед|19
«Центр современной стоматологии» на Иркутском|https://prodoctorov.ru/tomsk/lpu/67218-centr-sovremennoy-stomatologii/|1|Стоматолог-ортодонт|11
«Центр современной стоматологии» на Иркутском|https://prodoctorov.ru/tomsk/lpu/67218-centr-sovremennoy-stomatologii/|2|Стоматолог-ортопед, стоматолог-хирург|9
«Центр современной стоматологии» на Иркутском|https://prodoctorov.ru/tomsk/lpu/67218-centr-sovremennoy-stomatologii/|3|Стоматолог|6
«Центр современной стоматологии» на Иркутском|https://prodoctorov.ru/tomsk/lpu/67218-centr-sovremennoy-stomatologii/|4|Стоматолог|20
«Центр современной стоматологии» на Иркутском|https://prodoctorov.ru/tomsk/lpu/67218-centr-sovremennoy-stomatologii/|5|Стоматолог|6
«Центр современной стоматологии» на Иркутском|https://prodoctorov.ru/tomsk/lpu/67218-centr-sovremennoy-stomatologii/|6|Детский стоматолог|7
«Центр современной стоматологии» на Иркутском|https://prodoctorov.ru/tomsk/lpu/67218-centr-sovremennoy-stomatologii/|7|Анестезиолог-реаниматолог|-
«Центр современной стоматологии» на Иркутском|https://prodoctorov.ru/tomsk/lpu/67218-centr-sovremennoy-stomatologii/|8|Стоматолог-гигиенист|15
«Центр современной стоматологии» на Иркутском|https://prodoctorov.ru/tomsk/lpu/67218-centr-sovremennoy-stomatologii/|9|Стоматолог|19
«Центр современной стоматологии» на Иркутском|https://prodoctorov.ru/tomsk/lpu/67218-centr-sovremennoy-stomatologii/|10|Стоматолог|2
«Центр современной стоматологии» на Иркутском|https://prodoctorov.ru/tomsk/lpu/67218-centr-sovremennoy-stomatologii/|11|Детский стоматолог|28
«Центр современной стоматологии» на Иркутском|https://prodoctorov.ru/tomsk/lpu/67218-centr-sovremennoy-stomatologii/|12|Детский стоматолог|9
«Центр современной стоматологии» на Иркутском|https://prodoctorov.ru/tomsk/lpu/67218-centr-sovremennoy-stomatologii/|13|Анестезиолог-реаниматолог|17
«Центр современной стоматологии» на Иркутском|https://prodoctorov.ru/tomsk/lpu/67218-centr-sovremennoy-stomatologii/|14|Стоматолог|15
«Центр современной стоматологии» на Иркутском|https://prodoctorov.ru/tomsk/lpu/67218-centr-sovremennoy-stomatologii/|15|Стоматолог|3
Стоматология «Зеленое яблоко»|https://prodoctorov.ru/tomsk/lpu/31642-blesk-na-lazo/|0|Стоматолог-хирург|27
Стоматология «Зеленое яблоко»|https://prodoctorov.ru/tomsk/lpu/31642-blesk-na-lazo/|1|Стоматолог-имплантолог, стоматолог-хирург|10
Стоматология «Зеленое яблоко»|https://prodoctorov.ru/tomsk/lpu/31642-blesk-na-lazo/|2|Стоматолог-ортопед|11
Стоматология «Зеленое яблоко»|https://prodoctorov.ru/tomsk/lpu/31642-blesk-na-lazo/|3|Стоматолог|9
Стоматология «Зеленое яблоко»|https://prodoctorov.ru/tomsk/lpu/31642-blesk-na-lazo/|4|Стоматолог|11
Стоматология «Бест Стом»|https://prodoctorov.ru/tomsk/lpu/77966-best-stom/|0|Стоматолог-имплантолог, стоматолог-ортопед, стоматолог-хирург|10
Стоматология «Бест Стом»|https://prodoctorov.ru/tomsk/lpu/77966-best-stom/|1|Стоматолог-хирург, стоматолог-имплантолог|6
Стоматология «Бест Стом»|https://prodoctorov.ru/tomsk/lpu/77966-best-stom/|2|Стоматолог-гигиенист|19
Стоматология «Бест Стом»|https://prodoctorov.ru/tomsk/lpu/77966-best-stom/|3|Стоматолог|15
Стоматология «Бест Стом»|https://prodoctorov.ru/tomsk/lpu/77966-best-stom/|4|Стоматолог, стоматолог-хирург|20
Стоматология «Бест Стом»|https://prodoctorov.ru/tomsk/lpu/77966-best-stom/|5|Стоматолог|10
Стоматология «Бест Стом»|https://prodoctorov.ru/tomsk/lpu/77966-best-stom/|6|Стоматолог-гигиенист|6
Стоматология «Дентал арт» на Герцена|https://prodoctorov.ru/tomsk/lpu/31628-dental-art/|0|Стоматолог-ортодонт|5
Стоматология «Дентал арт» на Герцена|https://prodoctorov.ru/tomsk/lpu/31628-dental-art/|1|Стоматолог|5
Стоматология «Дентал арт» на Герцена|https://prodoctorov.ru/tomsk/lpu/31628-dental-art/|2|Стоматолог|5
Стоматология «Дентал арт» на Герцена|https://prodoctorov.ru/tomsk/lpu/31628-dental-art/|3|Стоматолог|20
Стоматология «Дентал арт» на Герцена|https://prodoctorov.ru/tomsk/lpu/31628-dental-art/|4|Стоматолог-гигиенист|15
Стоматология «Дентал арт» на Герцена|https://prodoctorov.ru/tomsk/lpu/31628-dental-art/|5|Стоматолог|2
Стоматология «Династия»|https://prodoctorov.ru/tomsk/lpu/72862-dinastiya/|0|Стоматолог-хирург, стоматолог-имплантолог|9
Стоматология «Династия»|https://prodoctorov.ru/tomsk/lpu/72862-dinastiya/|1|Стоматолог-ортопед|35
Стоматология «КонфиДент»|https://prodoctorov.ru/tomsk/lpu/49976-konfident/|0|Стоматолог|20
Стоматология «КонфиДент»|https://prodoctorov.ru/tomsk/lpu/49976-konfident/|1|Стоматолог-ортодонт|16
Стоматология «КонфиДент»|https://prodoctorov.ru/tomsk/lpu/49976-konfident/|2|Стоматолог, стоматолог-ортопед|20
Стоматология «КонфиДент»|https://prodoctorov.ru/tomsk/lpu/49976-konfident/|3|Стоматолог-хирург, стоматолог|4
Стоматология «КонфиДент»|https://prodoctorov.ru/tomsk/lpu/49976-konfident/|4|Стоматолог, стоматолог-имплантолог, стоматолог-ортопед, стоматолог-хирург|13
Стоматология «КонфиДент»|https://prodoctorov.ru/tomsk/lpu/49976-konfident/|5|Стоматолог-ортопед|16
Стоматология «КонфиДент»|https://prodoctorov.ru/tomsk/lpu/49976-konfident/|6|Стоматолог-гигиенист|-
Стоматология «Эскулап»|https://prodoctorov.ru/tomsk/lpu/67243-stomatologiya-eskulap/|0|Стоматолог|10
Стоматология «Эскулап»|https://prodoctorov.ru/tomsk/lpu/67243-stomatologiya-eskulap/|1|Стоматолог-ортопед|10
Стоматология «Дента Вита»|https://prodoctorov.ru/tomsk/lpu/60607-denta-vita/|0|Стоматолог-ортопед, стоматолог|10
Стоматология «Дента Вита»|https://prodoctorov.ru/tomsk/lpu/60607-denta-vita/|1|Стоматолог, стоматолог-имплантолог, стоматолог-хирург|9
Стоматология «Дента Вита»|https://prodoctorov.ru/tomsk/lpu/60607-denta-vita/|2|Стоматолог-ортопед, стоматолог, стоматолог-хирург|-
Стоматология «Дента Вита»|https://prodoctorov.ru/tomsk/lpu/60607-denta-vita/|3|Стоматолог-гигиенист|-
Стоматология «Миц»|https://prodoctorov.ru/tomsk/lpu/31669-mic/|0|Стоматолог-гигиенист|16
Стоматология «Миц»|https://prodoctorov.ru/tomsk/lpu/31669-mic/|1|Стоматолог|16
Стоматология «Миц»|https://prodoctorov.ru/tomsk/lpu/31669-mic/|2|Стоматолог-хирург|7
Стоматология «Миц»|https://prodoctorov.ru/tomsk/lpu/31669-mic/|3|Стоматолог, стоматолог-ортодонт, стоматолог-ортопед|20
Стоматология «Премьер Дент»|https://prodoctorov.ru/tomsk/lpu/31681-premer-dent/|0|Стоматолог-ортопед, стоматолог|10
Стоматология «Премьер Дент»|https://prodoctorov.ru/tomsk/lpu/31681-premer-dent/|1|Стоматолог-ортопед, стоматолог-имплантолог, стоматолог-хирург|13
Стоматология «Ризус»|https://prodoctorov.ru/tomsk/lpu/68170-rizus/|0|Стоматолог-гигиенист|16
Стоматология «Ризус»|https://prodoctorov.ru/tomsk/lpu/68170-rizus/|1|Стоматолог|15
Стоматология «Ризус»|https://prodoctorov.ru/tomsk/lpu/68170-rizus/|2|Стоматолог-имплантолог, стоматолог-ортопед, стоматолог-хирург|15
Стоматология «Авангард» на Ивана Черных|https://prodoctorov.ru/tomsk/lpu/35819-ctomatologiya-avangard/|0|Стоматолог|16
Стоматология «Авангард» на Ивана Черных|https://prodoctorov.ru/tomsk/lpu/35819-ctomatologiya-avangard/|1|Стоматолог-гигиенист|-
Стоматология «Авангард» на Ивана Черных|https://prodoctorov.ru/tomsk/lpu/35819-ctomatologiya-avangard/|2|Стоматолог|12
Стоматология «Авангард» на Ивана Черных|https://prodoctorov.ru/tomsk/lpu/35819-ctomatologiya-avangard/|3|Стоматолог-ортопед, стоматолог-имплантолог, стоматолог-хирург|27
Стоматология «Авангард» на Ивана Черных|https://prodoctorov.ru/tomsk/lpu/35819-ctomatologiya-avangard/|4|Стоматолог-ортопед|27
Стоматология «Авангард» на Ивана Черных|https://prodoctorov.ru/tomsk/lpu/35819-ctomatologiya-avangard/|5|Стоматолог|-
Стоматология «Авангард» на Ивана Черных|https://prodoctorov.ru/tomsk/lpu/35819-ctomatologiya-avangard/|6|Стоматолог|8
Стоматология «Линия улыбки»|https://prodoctorov.ru/tomsk/lpu/73455-liniya-ulybki/|0|Стоматолог-ортопед|7
Стоматология «Линия улыбки»|https://prodoctorov.ru/tomsk/lpu/73455-liniya-ulybki/|1|Стоматолог|6
Стоматология «Линия улыбки»|https://prodoctorov.ru/tomsk/lpu/73455-liniya-ulybki/|2|Стоматолог|7
Стоматология «Полина»|https://prodoctorov.ru/tomsk/lpu/31680-polina/|0|Стоматолог|24
Стоматология «Полина»|https://prodoctorov.ru/tomsk/lpu/31680-polina/|1|Стоматолог-ортопед|30
Стоматология «Полина»|https://prodoctorov.ru/tomsk/lpu/31680-polina/|2|Стоматолог|36
Стоматология «Полина»|https://prodoctorov.ru/tomsk/lpu/31680-polina/|3|Стоматолог|27
Стоматология «Полина»|https://prodoctorov.ru/tomsk/lpu/31680-polina/|4|Стоматолог-ортопед|9
Стоматология «Полина»|https://prodoctorov.ru/tomsk/lpu/31680-polina/|5|Стоматолог-гигиенист|10
Стоматология «Полина»|https://prodoctorov.ru/tomsk/lpu/31680-polina/|6|Стоматолог|41
Стоматология «Полина»|https://prodoctorov.ru/tomsk/lpu/31680-polina/|7|Стоматолог|21
Стоматология «Фокус»|https://prodoctorov.ru/tomsk/lpu/31705-fokus/|0|Стоматолог-хирург, стоматолог-ортопед|11
Стоматология «Фокус»|https://prodoctorov.ru/tomsk/lpu/31705-fokus/|1|Стоматолог, стоматолог-гигиенист|11
Стоматология «Фокус»|https://prodoctorov.ru/tomsk/lpu/31705-fokus/|2|Стоматолог, стоматолог-гигиенист|5
Стоматология «Радуга»|https://prodoctorov.ru/tomsk/lpu/69405-raduga/|0|Челюстно-лицевой хирург, стоматолог-имплантолог, стоматолог-ортопед, стоматолог-хирург|16
Стоматология «Радуга»|https://prodoctorov.ru/tomsk/lpu/69405-raduga/|1|Стоматолог|2
Стоматология «Радуга»|https://prodoctorov.ru/tomsk/lpu/69405-raduga/|2|Стоматолог-ортодонт|21
Стоматология «Радуга»|https://prodoctorov.ru/tomsk/lpu/69405-raduga/|3|Стоматолог-ортодонт|20
Стоматология «Радуга»|https://prodoctorov.ru/tomsk/lpu/69405-raduga/|4|Стоматолог-хирург, стоматолог-имплантолог, стоматолог-ортопед|22
Стоматология «Радуга»|https://prodoctorov.ru/tomsk/lpu/69405-raduga/|5|Стоматолог|11
Стоматология «Радуга»|https://prodoctorov.ru/tomsk/lpu/69405-raduga/|6|Стоматолог-ортодонт|25
Стоматология «Радуга»|https://prodoctorov.ru/tomsk/lpu/69405-raduga/|7|Стоматолог|10
Стоматология «Радуга»|https://prodoctorov.ru/tomsk/lpu/69405-raduga/|8|Стоматолог-гигиенист|-
Стоматология «Радуга»|https://prodoctorov.ru/tomsk/lpu/69405-raduga/|9|Стоматолог-ортодонт|21
Стоматология «Эталон»|https://prodoctorov.ru/tomsk/lpu/31715-etalon/|0|Стоматолог-ортопед|6
Стоматология «Эталон»|https://prodoctorov.ru/tomsk/lpu/31715-etalon/|1|Стоматолог, детский стоматолог|7
Стоматология «Эталон»|https://prodoctorov.ru/tomsk/lpu/31715-etalon/|2|Стоматолог-имплантолог|5
Стоматология «Эталон»|https://prodoctorov.ru/tomsk/lpu/31715-etalon/|3|Стоматолог|4
Стоматология «Эталон»|https://prodoctorov.ru/tomsk/lpu/31715-etalon/|4|Стоматолог|-
Стоматология «Эталон»|https://prodoctorov.ru/tomsk/lpu/31715-etalon/|5|Стоматолог-гигиенист|-
Стоматология «Эталон»|https://prodoctorov.ru/tomsk/lpu/31715-etalon/|6|Стоматолог, детский стоматолог|-
Стоматология «Эталон»|https://prodoctorov.ru/tomsk/lpu/31715-etalon/|7|Стоматолог-ортопед|27
Стоматология «Кариес@net»|https://prodoctorov.ru/tomsk/lpu/31666-karies-net/|0|Стоматолог, стоматолог-ортопед|18
Стоматология «Кариес@net»|https://prodoctorov.ru/tomsk/lpu/31666-karies-net/|1|Стоматолог|-
Стоматология «Кариес@net»|https://prodoctorov.ru/tomsk/lpu/31666-karies-net/|2|Стоматолог|-
Стоматология «Томдент»|https://prodoctorov.ru/tomsk/lpu/31701-tomdent/|0|Стоматолог|11
Стоматология «Томдент»|https://prodoctorov.ru/tomsk/lpu/31701-tomdent/|1|Стоматолог-ортопед|-
Стоматология «Томдент»|https://prodoctorov.ru/tomsk/lpu/31701-tomdent/|2|Стоматолог-гигиенист|10
Стоматология «Добрый стоматолог»|https://prodoctorov.ru/tomsk/lpu/31659-dobryy-stomatolog/|0|Стоматолог-ортопед|13
Стоматология «Добрый стоматолог»|https://prodoctorov.ru/tomsk/lpu/31659-dobryy-stomatolog/|1|Стоматолог, детский стоматолог|31
Стоматология «Добрый стоматолог»|https://prodoctorov.ru/tomsk/lpu/31659-dobryy-stomatolog/|2|Стоматолог|-
Стоматология «Добрый стоматолог»|https://prodoctorov.ru/tomsk/lpu/31659-dobryy-stomatolog/|3|Стоматолог-ортопед|40
Стоматология «Добрый стоматолог»|https://prodoctorov.ru/tomsk/lpu/31659-dobryy-stomatolog/|4|Стоматолог|15
Стоматология «Добрый стоматолог»|https://prodoctorov.ru/tomsk/lpu/31659-dobryy-stomatolog/|5|Стоматолог|38
Стоматология «Добрый стоматолог»|https://prodoctorov.ru/tomsk/lpu/31659-dobryy-stomatolog/|6|Стоматолог-гигиенист|22
Стоматология «ДоброДент»|https://prodoctorov.ru/tomsk/lpu/71769-dobrodent/|0|Стоматолог|31
Стоматология «Идеал»|https://prodoctorov.ru/tomsk/lpu/31665-ideal/|0|Стоматолог-ортопед|13
Стоматология «Идеал»|https://prodoctorov.ru/tomsk/lpu/31665-ideal/|1|Стоматолог|16
Стоматология «Идеал»|https://prodoctorov.ru/tomsk/lpu/31665-ideal/|2|Стоматолог|-
Стоматология «Идеал»|https://prodoctorov.ru/tomsk/lpu/31665-ideal/|3|Стоматолог|-
Стоматология «Стомпрофи плюс» на Ленина|https://prodoctorov.ru/tomsk/lpu/31696-stomprofi-plyus/|0|Стоматолог, детский стоматолог, стоматолог-ортопед, стоматолог-хирург|11
Стоматология «Стомпрофи плюс» на Ленина|https://prodoctorov.ru/tomsk/lpu/31696-stomprofi-plyus/|1|Стоматолог|13
Стоматология «Стомпрофи плюс» на Ленина|https://prodoctorov.ru/tomsk/lpu/31696-stomprofi-plyus/|2|Стоматолог|29
Стоматология «Дент Стар»|https://prodoctorov.ru/tomsk/lpu/31657-dent-star/|0|Стоматолог, стоматолог-имплантолог, стоматолог-ортопед, стоматолог-хирург|13
Стоматология «Дент Стар»|https://prodoctorov.ru/tomsk/lpu/31657-dent-star/|1|Стоматолог|30
Стоматология «Дент Стар»|https://prodoctorov.ru/tomsk/lpu/31657-dent-star/|2|Стоматолог, стоматолог-ортопед|31
Стоматология «Дент Стар»|https://prodoctorov.ru/tomsk/lpu/31657-dent-star/|3|Стоматолог|2
Стоматология «Жемчуг»|https://prodoctorov.ru/tomsk/lpu/31662-zhemchug/|0|Стоматолог-хирург, стоматолог-имплантолог|27
Стоматология «Жемчуг»|https://prodoctorov.ru/tomsk/lpu/31662-zhemchug/|1|Стоматолог|24
Стоматология «Жемчуг»|https://prodoctorov.ru/tomsk/lpu/31662-zhemchug/|2|Стоматолог|33
Стоматология «Мастер улыбок»|https://prodoctorov.ru/tomsk/lpu/63826-master-ulybok/|0|Стоматолог|1
Стоматология «Мастер улыбок»|https://prodoctorov.ru/tomsk/lpu/63826-master-ulybok/|1|Стоматолог, стоматолог-ортопед|-
Стоматология «Мастер улыбок»|https://prodoctorov.ru/tomsk/lpu/63826-master-ulybok/|2|Анестезиолог-реаниматолог|-
Стоматология «Зубной лекаръ»|https://prodoctorov.ru/tomsk/lpu/71109-zubnoy-lekar/|0|Стоматолог|18
Стоматология «Зубной лекаръ»|https://prodoctorov.ru/tomsk/lpu/71109-zubnoy-lekar/|1|Стоматолог-ортопед, стоматолог|14
Стоматология «Зубной лекаръ»|https://prodoctorov.ru/tomsk/lpu/71109-zubnoy-lekar/|2|Стоматолог|33
Стоматология «Зубной лекаръ»|https://prodoctorov.ru/tomsk/lpu/71109-zubnoy-lekar/|3|Стоматолог|8
Стоматология «Зубной лекаръ»|https://prodoctorov.ru/tomsk/lpu/71109-zubnoy-lekar/|4|Стоматолог|30
Стоматология «Доктор Борменталь»|https://prodoctorov.ru/tomsk/lpu/51137-doktor-bormental/|0|Стоматолог, детский стоматолог, стоматолог-ортодонт|-
Стоматология «Доктор Борменталь»|https://prodoctorov.ru/tomsk/lpu/51137-doktor-bormental/|1|Стоматолог|2
Стоматология «Доктор Борменталь»|https://prodoctorov.ru/tomsk/lpu/51137-doktor-bormental/|2|Стоматолог|-
Стоматология «Доктор Борменталь»|https://prodoctorov.ru/tomsk/lpu/51137-doktor-bormental/|3|Стоматолог-хирург, стоматолог-имплантолог, стоматолог-ортопед|22
Стоматология «Доктор Борменталь»|https://prodoctorov.ru/tomsk/lpu/51137-doktor-bormental/|4|Стоматолог, детский стоматолог|35
Стоматология «Доктор Борменталь»|https://prodoctorov.ru/tomsk/lpu/51137-doktor-bormental/|5|Стоматолог|-
Стоматология «Доктор Борменталь»|https://prodoctorov.ru/tomsk/lpu/51137-doktor-bormental/|6|Стоматолог, детский стоматолог|-
Стоматология «Доктор Борменталь»|https://prodoctorov.ru/tomsk/lpu/51137-doktor-bormental/|7|Стоматолог-ортопед, стоматолог-хирург|15
Стоматология «Доктор Борменталь»|https://prodoctorov.ru/tomsk/lpu/51137-doktor-bormental/|8|Стоматолог-ортодонт|48
Стоматология «Здрава»|https://prodoctorov.ru/tomsk/lpu/31664-zdrava/|0|Стоматолог-ортодонт|11
Стоматология «Здрава»|https://prodoctorov.ru/tomsk/lpu/31664-zdrava/|1|Стоматолог, стоматолог-хирург|5
Стоматология «Здрава»|https://prodoctorov.ru/tomsk/lpu/31664-zdrava/|2|Стоматолог-ортопед|5
Стоматология «Здрава»|https://prodoctorov.ru/tomsk/lpu/31664-zdrava/|3|Стоматолог|31
Стоматология «Реал-Дент»|https://prodoctorov.ru/tomsk/lpu/31687-real-dent/|0|Стоматолог-ортопед|36
Стоматология «Реал-Дент»|https://prodoctorov.ru/tomsk/lpu/31687-real-dent/|1|Стоматолог|11
Стоматология «Реал-Дент»|https://prodoctorov.ru/tomsk/lpu/31687-real-dent/|2|Стоматолог|36
Стоматология «Блеск»|https://prodoctorov.ru/tomsk/lpu/31641-blesk/|0|Стоматолог|28
Стоматология «Блеск»|https://prodoctorov.ru/tomsk/lpu/31641-blesk/|1|Стоматолог-хирург, стоматолог, стоматолог-имплантолог, стоматолог-ортопед|21
Стоматология «Блеск»|https://prodoctorov.ru/tomsk/lpu/31641-blesk/|2|Стоматолог, стоматолог-ортопед|33
Стоматология «Фабрика Улыбок»|https://prodoctorov.ru/tomsk/lpu/60587-fabrika-ulybok/|0|Стоматолог-ортопед, стоматолог|15
Стоматология «Харизма»|https://prodoctorov.ru/tomsk/lpu/60625-harizma/|0|Стоматолог|-
Стоматология «Харизма»|https://prodoctorov.ru/tomsk/lpu/60625-harizma/|1|Стоматолог-ортопед, стоматолог-имплантолог, стоматолог-хирург|22
Стоматология «Харизма»|https://prodoctorov.ru/tomsk/lpu/60625-harizma/|2|Стоматолог|9
Стоматология «Денталика»|https://prodoctorov.ru/tomsk/lpu/31645-dentalika/|0|Стоматолог-хирург, стоматолог-ортопед|11
Стоматология «Денталика»|https://prodoctorov.ru/tomsk/lpu/31645-dentalika/|1|Стоматолог|3
Стоматология «Денталика»|https://prodoctorov.ru/tomsk/lpu/31645-dentalika/|2|Стоматолог|2
Стоматология «Денталика»|https://prodoctorov.ru/tomsk/lpu/31645-dentalika/|3|Стоматолог, детский стоматолог|3
Стоматология «СибГМУ»|https://prodoctorov.ru/tomsk/lpu/31689-sibgmu/|0|Стоматолог, стоматолог-имплантолог, стоматолог-хирург|9
Стоматология «СибГМУ»|https://prodoctorov.ru/tomsk/lpu/31689-sibgmu/|1|Стоматолог, детский стоматолог, стоматолог-ортодонт|-
Стоматология «СибГМУ»|https://prodoctorov.ru/tomsk/lpu/31689-sibgmu/|2|Стоматолог-ортопед|36
Стоматология «СибГМУ»|https://prodoctorov.ru/tomsk/lpu/31689-sibgmu/|3|Стоматолог|2
Стоматология «СибГМУ»|https://prodoctorov.ru/tomsk/lpu/31689-sibgmu/|4|Стоматолог-хирург|11
Стоматология «СибГМУ»|https://prodoctorov.ru/tomsk/lpu/31689-sibgmu/|5|Стоматолог|31
Стоматология «СибГМУ»|https://prodoctorov.ru/tomsk/lpu/31689-sibgmu/|6|Стоматолог|20
Стоматология «СибГМУ»|https://prodoctorov.ru/tomsk/lpu/31689-sibgmu/|7|Стоматолог|28
Стоматология «СибГМУ»|https://prodoctorov.ru/tomsk/lpu/31689-sibgmu/|8|Стоматолог|-
Стоматология «СибГМУ»|https://prodoctorov.ru/tomsk/lpu/31689-sibgmu/|9|Стоматолог-гигиенист|18
Стоматология «СибГМУ»|https://prodoctorov.ru/tomsk/lpu/31689-sibgmu/|10|Стоматолог|30
Стоматология «СибГМУ»|https://prodoctorov.ru/tomsk/lpu/31689-sibgmu/|11|Стоматолог-гигиенист|-
Стоматология «СибГМУ»|https://prodoctorov.ru/tomsk/lpu/31689-sibgmu/|12|Стоматолог|42
Стоматология «СибГМУ»|https://prodoctorov.ru/tomsk/lpu/31689-sibgmu/|13|Стоматолог-ортопед|-
Стоматология «СибГМУ»|https://prodoctorov.ru/tomsk/lpu/31689-sibgmu/|14|Стоматолог, пародонтолог, стоматолог-хирург|47
Стоматология «СибГМУ»|https://prodoctorov.ru/tomsk/lpu/31689-sibgmu/|15|Стоматолог|15
Стоматология «СибГМУ»|https://prodoctorov.ru/tomsk/lpu/31689-sibgmu/|16|Стоматолог|7
Стоматология «СибГМУ»|https://prodoctorov.ru/tomsk/lpu/31689-sibgmu/|17|Стоматолог|19
Стоматология «Дента Смайл» на Фрунзе|https://prodoctorov.ru/tomsk/lpu/68974-stomatologiya-denta-smayl-na-frunze/|0|Стоматолог, стоматолог-ортопед|20
Стоматология «Дента Смайл» на Фрунзе|https://prodoctorov.ru/tomsk/lpu/68974-stomatologiya-denta-smayl-na-frunze/|1|Стоматолог, стоматолог-ортопед, стоматолог-хирург|11
Стоматология «Дента Смайл» на Фрунзе|https://prodoctorov.ru/tomsk/lpu/68974-stomatologiya-denta-smayl-na-frunze/|2|Стоматолог-ортопед, стоматолог-имплантолог, стоматолог-хирург|22
Стоматология «Стома»|https://prodoctorov.ru/tomsk/lpu/13126-stoma/|0|Стоматолог|18
Стоматология «Стома»|https://prodoctorov.ru/tomsk/lpu/13126-stoma/|1|Стоматолог-ортопед|17
Стоматология «Стома»|https://prodoctorov.ru/tomsk/lpu/13126-stoma/|2|Стоматолог|36
Стоматология «Стома»|https://prodoctorov.ru/tomsk/lpu/13126-stoma/|3|Стоматолог-хирург, пародонтолог, стоматолог-имплантолог|38
Стоматология «Стома»|https://prodoctorov.ru/tomsk/lpu/13126-stoma/|4|Стоматолог-ортопед|18
Стоматология «Стома»|https://prodoctorov.ru/tomsk/lpu/13126-stoma/|5|Стоматолог-гигиенист|-
Стоматология «Стома»|https://prodoctorov.ru/tomsk/lpu/13126-stoma/|6|Стоматолог-гигиенист|-
Стоматология «Томмедикус»|https://prodoctorov.ru/tomsk/lpu/85539-tommedikus/|0|Стоматолог, детский стоматолог|10
Стоматология «Стоматолог и Я»|https://prodoctorov.ru/tomsk/lpu/31694-stomatolog-i-ya/|0|Стоматолог|28
Стоматология «Панацея»|https://prodoctorov.ru/tomsk/lpu/31677-panaceya/|0|Стоматолог-имплантолог, стоматолог, стоматолог-ортопед, стоматолог-хирург|10
Стоматология «Дентистика»|https://prodoctorov.ru/tomsk/lpu/31653-stomatologicheskiy-kabinet-dentistika/|0|Стоматолог|32
Стоматология «Дента»|https://prodoctorov.ru/tomsk/lpu/13154-denta-stomatologicheskaya-klinika/|0|Стоматолог|54
Стоматология «Дента»|https://prodoctorov.ru/tomsk/lpu/13154-denta-stomatologicheskaya-klinika/|1|Стоматолог|28
Стоматология «Дента»|https://prodoctorov.ru/tomsk/lpu/13154-denta-stomatologicheskaya-klinika/|2|Стоматолог-ортопед|48
Стоматология «Дента»|https://prodoctorov.ru/tomsk/lpu/13154-denta-stomatologicheskaya-klinika/|3|Стоматолог, стоматолог-ортопед|-
Стоматология «Стомсервис»|https://prodoctorov.ru/tomsk/lpu/31697-stomservis/|0|Стоматолог-ортопед|-
«Детская стоматология святой Варвары»|https://prodoctorov.ru/tomsk/lpu/89173-detskaya-stomatologiya-svyatoy-varvary/|0|Детский стоматолог|7
«Детская стоматология святой Варвары»|https://prodoctorov.ru/tomsk/lpu/89173-detskaya-stomatologiya-svyatoy-varvary/|1|Детский стоматолог|16
«Детская стоматология святой Варвары»|https://prodoctorov.ru/tomsk/lpu/89173-detskaya-stomatologiya-svyatoy-varvary/|2|Детский стоматолог|27
«Детская стоматология святой Варвары»|https://prodoctorov.ru/tomsk/lpu/89173-detskaya-stomatologiya-svyatoy-varvary/|3|Стоматолог-гигиенист|32
«Детская стоматология святой Варвары»|https://prodoctorov.ru/tomsk/lpu/89173-detskaya-stomatologiya-svyatoy-varvary/|4|Стоматолог|24
«Детская стоматология святой Варвары»|https://prodoctorov.ru/tomsk/lpu/89173-detskaya-stomatologiya-svyatoy-varvary/|5|Стоматолог|3
«Детская стоматология святой Варвары»|https://prodoctorov.ru/tomsk/lpu/89173-detskaya-stomatologiya-svyatoy-varvary/|6|Стоматолог|2
«Детская стоматология святой Варвары»|https://prodoctorov.ru/tomsk/lpu/89173-detskaya-stomatologiya-svyatoy-varvary/|7|Стоматолог-ортодонт|11
«Детская стоматология святой Варвары»|https://prodoctorov.ru/tomsk/lpu/89173-detskaya-stomatologiya-svyatoy-varvary/|8|Стоматолог-хирург|1
«Детская стоматология святой Варвары»|https://prodoctorov.ru/tomsk/lpu/89173-detskaya-stomatologiya-svyatoy-varvary/|9|Детский стоматолог|11
«Детская стоматология святой Варвары»|https://prodoctorov.ru/tomsk/lpu/89173-detskaya-stomatologiya-svyatoy-varvary/|10|Стоматолог-хирург|6
Стоматология «Дентал арт» на Ковалева|https://prodoctorov.ru/tomsk/lpu/63752-stomatologiya-dental-art-na-kovaleva/|0|Стоматолог-ортодонт|5
Стоматология «Дентал арт» на Ковалева|https://prodoctorov.ru/tomsk/lpu/63752-stomatologiya-dental-art-na-kovaleva/|1|Стоматолог-имплантолог, стоматолог-ортопед, стоматолог-хирург|21
Стоматология «Дентал арт» на Ковалева|https://prodoctorov.ru/tomsk/lpu/63752-stomatologiya-dental-art-na-kovaleva/|2|Стоматолог-ортопед|36
Стоматология «Дентал арт» на Ковалева|https://prodoctorov.ru/tomsk/lpu/63752-stomatologiya-dental-art-na-kovaleva/|3|Стоматолог|5
Стоматология «Дентал арт» на Ковалева|https://prodoctorov.ru/tomsk/lpu/63752-stomatologiya-dental-art-na-kovaleva/|4|Стоматолог|20
Стоматология «Дентал арт» на Ковалева|https://prodoctorov.ru/tomsk/lpu/63752-stomatologiya-dental-art-na-kovaleva/|5|Стоматолог-хирург|4
Стоматология «Дентал арт» на Ковалева|https://prodoctorov.ru/tomsk/lpu/63752-stomatologiya-dental-art-na-kovaleva/|6|Детский стоматолог|8
Стоматология «Дентал арт» на Ковалева|https://prodoctorov.ru/tomsk/lpu/63752-stomatologiya-dental-art-na-kovaleva/|7|Детский стоматолог|8
Стоматология «Дентал арт» на Ковалева|https://prodoctorov.ru/tomsk/lpu/63752-stomatologiya-dental-art-na-kovaleva/|8|Стоматолог|2
Стоматология «Фамилия» («Центр профессиональной стоматологии»)|https://prodoctorov.ru/tomsk/lpu/31708-centr-professionalnoy-stomatologii/|0|Стоматолог-ортопед|10
Стоматология «Фамилия» («Центр профессиональной стоматологии»)|https://prodoctorov.ru/tomsk/lpu/31708-centr-professionalnoy-stomatologii/|1|Стоматолог-имплантолог|15
Стоматология «Фамилия» («Центр профессиональной стоматологии»)|https://prodoctorov.ru/tomsk/lpu/31708-centr-professionalnoy-stomatologii/|2|Стоматолог|-
Стоматология «Фамилия» («Центр профессиональной стоматологии»)|https://prodoctorov.ru/tomsk/lpu/31708-centr-professionalnoy-stomatologii/|3|Стоматолог|-
Стоматология «Фамилия» («Центр профессиональной стоматологии»)|https://prodoctorov.ru/tomsk/lpu/31708-centr-professionalnoy-stomatologii/|4|Стоматолог-хирург|17
Стоматология «Авиценна»|https://prodoctorov.ru/tomsk/lpu/71700-avicenna/|0|Хирург|9
Стоматология «Авиценна»|https://prodoctorov.ru/tomsk/lpu/71700-avicenna/|1|Уролог, андролог, врач УЗИ|7
Стоматология «Витали дент»|https://prodoctorov.ru/tomsk/lpu/74130-vitali-dent/|0|Стоматолог, стоматолог-ортопед, стоматолог-хирург|26
Стоматология «Витали дент»|https://prodoctorov.ru/tomsk/lpu/74130-vitali-dent/|1|Стоматолог|29
Стоматология «Витали дент»|https://prodoctorov.ru/tomsk/lpu/74130-vitali-dent/|2|Стоматолог, пародонтолог, стоматолог-хирург|-
Стоматология «Авангард» на Московском|https://prodoctorov.ru/tomsk/lpu/61623-avangard/|0|Стоматолог|27
Стоматология «Авангард» на Московском|https://prodoctorov.ru/tomsk/lpu/61623-avangard/|1|Стоматолог-гигиенист|-
Стоматология «Авангард» на Московском|https://prodoctorov.ru/tomsk/lpu/61623-avangard/|2|Стоматолог-ортопед, стоматолог-имплантолог, стоматолог-хирург|27
Стоматология «Авангард» на Московском|https://prodoctorov.ru/tomsk/lpu/61623-avangard/|3|Стоматолог|-
Стоматология «Дента Эль»|https://prodoctorov.ru/tomsk/lpu/31652-denta-el/|0|Стоматолог|27
Стоматология «Дента Эль»|https://prodoctorov.ru/tomsk/lpu/31652-denta-el/|1|Стоматолог|27
Стоматология «Дента Эль»|https://prodoctorov.ru/tomsk/lpu/31652-denta-el/|2|Стоматолог-хирург|31
Стоматология «Дента Эль»|https://prodoctorov.ru/tomsk/lpu/31652-denta-el/|3|Стоматолог-ортопед|16
Стоматология «ОртоСоло»|https://prodoctorov.ru/tomsk/lpu/58581-ortosolo/|0|Стоматолог|16
Стоматология «ОртоСоло»|https://prodoctorov.ru/tomsk/lpu/58581-ortosolo/|1|Стоматолог|25
Стоматология «ОртоСоло»|https://prodoctorov.ru/tomsk/lpu/58581-ortosolo/|2|Стоматолог-гигиенист|18
Стоматология «ОртоСоло»|https://prodoctorov.ru/tomsk/lpu/58581-ortosolo/|3|Стоматолог-ортодонт|23
Стоматология «Тверстом»|https://prodoctorov.ru/tomsk/lpu/31700-tverstom/|0|Стоматолог-ортопед, стоматолог-имплантолог, стоматолог-хирург|-
Стоматология «Тверстом»|https://prodoctorov.ru/tomsk/lpu/31700-tverstom/|1|Стоматолог|-
Стоматология «Тверстом»|https://prodoctorov.ru/tomsk/lpu/31700-tverstom/|2|Стоматолог|-
Стоматология «Тверстом»|https://prodoctorov.ru/tomsk/lpu/31700-tverstom/|3|Стоматолог|27
Стоматология «Тверстом»|https://prodoctorov.ru/tomsk/lpu/31700-tverstom/|4|Стоматолог|-
Стоматология «Тверстом»|https://prodoctorov.ru/tomsk/lpu/31700-tverstom/|5|Стоматолог|-
Стоматология «Тверстом»|https://prodoctorov.ru/tomsk/lpu/31700-tverstom/|6|Стоматолог-ортопед|-
Стоматология «Дент-сервис»|https://prodoctorov.ru/tomsk/lpu/31656-dent-servis/|0|Стоматолог|15
Стоматология «Дент-сервис»|https://prodoctorov.ru/tomsk/lpu/31656-dent-servis/|1|Стоматолог|27
Стоматология «Дент-сервис»|https://prodoctorov.ru/tomsk/lpu/31656-dent-servis/|2|Стоматолог, стоматолог-гигиенист|39
Стоматология «Дент-сервис»|https://prodoctorov.ru/tomsk/lpu/31656-dent-servis/|3|Стоматолог-ортопед|39
Стоматология «Дента Смайл» на Суворова|https://prodoctorov.ru/tomsk/lpu/31650-denta-smayl/|0|Стоматолог-хирург, стоматолог-ортопед|24
Стоматология «Дента Смайл» на Суворова|https://prodoctorov.ru/tomsk/lpu/31650-denta-smayl/|1|Стоматолог, стоматолог-ортопед|20
Стоматология «Дента Смайл» на Суворова|https://prodoctorov.ru/tomsk/lpu/31650-denta-smayl/|2|Стоматолог|-
Стоматология «Дента Смайл» на Суворова|https://prodoctorov.ru/tomsk/lpu/31650-denta-smayl/|3|Стоматолог-ортопед, стоматолог-имплантолог, стоматолог-хирург|22
Стоматология «Дента Смайл» на Суворова|https://prodoctorov.ru/tomsk/lpu/31650-denta-smayl/|4|Стоматолог, стоматолог-хирург|-
Стоматология «Дента Смайл» на Суворова|https://prodoctorov.ru/tomsk/lpu/31650-denta-smayl/|5|Стоматолог-ортодонт|-
Стоматология «ДентаЛюкс»|https://prodoctorov.ru/tomsk/lpu/89233-dentalyuks/|0|Детский стоматолог|16
Стоматология «ДентаЛюкс»|https://prodoctorov.ru/tomsk/lpu/89233-dentalyuks/|1|Стоматолог-ортопед, стоматолог-хирург|25
Стоматология «ДентаЛюкс»|https://prodoctorov.ru/tomsk/lpu/89233-dentalyuks/|2|Стоматолог|20
Стоматология «ДентаЛюкс»|https://prodoctorov.ru/tomsk/lpu/89233-dentalyuks/|3|Стоматолог-гигиенист|22
Стоматология «Симон»|https://prodoctorov.ru/tomsk/lpu/97331-simon/|0|Стоматолог|12
Стоматология «Симон»|https://prodoctorov.ru/tomsk/lpu/97331-simon/|1|Стоматолог-ортопед|11
Стоматология «Эдельвейс»|https://prodoctorov.ru/tomsk/lpu/31710-edelvyays/|0|Стоматолог|4
Стоматология «Эдельвейс»|https://prodoctorov.ru/tomsk/lpu/31710-edelvyays/|1|Стоматолог|-
«Семейная стоматология»|https://prodoctorov.ru/tomsk/lpu/31688-semyaynaya-stomatologiya/|0|Стоматолог-ортопед|5
«Семейная стоматология»|https://prodoctorov.ru/tomsk/lpu/31688-semyaynaya-stomatologiya/|1|Стоматолог-ортопед|27
«Семейная стоматология»|https://prodoctorov.ru/tomsk/lpu/31688-semyaynaya-stomatologiya/|2|Стоматолог|-
«Стоматология на Гоголя»|https://prodoctorov.ru/tomsk/lpu/79462-stomatologiya-na-gogolya/|0|Стоматолог|9
«Стоматология на Гоголя»|https://prodoctorov.ru/tomsk/lpu/79462-stomatologiya-na-gogolya/|1|Стоматолог-хирург, стоматолог-имплантолог, стоматолог-ортопед|18
«Стоматология на Гоголя»|https://prodoctorov.ru/tomsk/lpu/79462-stomatologiya-na-gogolya/|2|Стоматолог|17
«Стоматология на Гоголя»|https://prodoctorov.ru/tomsk/lpu/79462-stomatologiya-na-gogolya/|3|Стоматолог|-
Стоматология «Ал. Та.»|https://prodoctorov.ru/tomsk/lpu/31634-al-ta/|0|Стоматолог-ортопед|27
Стоматология «Ал. Та.»|https://prodoctorov.ru/tomsk/lpu/31634-al-ta/|1|Стоматолог|29
Стоматология «Аркада»|https://prodoctorov.ru/tomsk/lpu/69374-arkada/|0|Стоматолог-ортопед|-
Стоматология «Вега-Дент»|https://prodoctorov.ru/tomsk/lpu/96185-vega-dent/|0|Стоматолог-ортопед, стоматолог, стоматолог-хирург|33
Стоматология «Дента Смайл» на Мира|https://prodoctorov.ru/tomsk/lpu/68975-stomatologiya-denta-smayl-na-mira/|0|Стоматолог, стоматолог-ортопед, стоматолог-хирург|11
Стоматология «Альфа Дент»|https://prodoctorov.ru/tomsk/lpu/31636-alfa-dent/|0|Стоматолог|-
Стоматология «Тузков дентал»|https://prodoctorov.ru/tomsk/lpu/73307-tuzkov-dental/|0|Стоматолог, стоматолог-ортопед, стоматолог-хирург|18
Стоматология «Мой стоматолог»|https://prodoctorov.ru/tomsk/lpu/92387-moy-stomatolog/|0|Стоматолог, стоматолог-ортопед|24
Стоматология «Мой стоматолог»|https://prodoctorov.ru/tomsk/lpu/92387-moy-stomatolog/|1|Стоматолог-гигиенист|-
Стоматология «Мой стоматолог»|https://prodoctorov.ru/tomsk/lpu/92387-moy-stomatolog/|2|Стоматолог|-
Стоматология «Мой стоматолог»|https://prodoctorov.ru/tomsk/lpu/92387-moy-stomatolog/|3|Стоматолог|-